{"stats":{"minecraft:custom":{"minecraft:interact_with_smithing_table":1,"minecraft:mob_kills":29,"minecraft:interact_with_crafting_table":56,"minecraft:damage_dealt_resisted":3,"minecraft:leave_game":15,"minecraft:time_since_death":61544,"minecraft:climb_one_cm":50369,"minecraft:sprint_one_cm":447470,"minecraft:walk_one_cm":508740,"minecraft:damage_blocked_by_shield":140,"minecraft:drop":20,"minecraft:play_time":372310,"minecraft:deaths":11,"minecraft:sneak_time":24822,"minecraft:walk_under_water_one_cm":59544,"minecraft:jump":2212,"minecraft:walk_on_water_one_cm":53574,"minecraft:total_world_time":372310,"minecraft:interact_with_furnace":37,"minecraft:interact_with_stonecutter":2,"minecraft:time_since_rest":61168,"minecraft:damage_taken":2291,"minecraft:damage_dealt":4526,"minecraft:swim_one_cm":167742,"minecraft:fly_one_cm":1159280,"minecraft:open_chest":47,"minecraft:crouch_one_cm":62946,"tombstone:undead_killed":9,"minecraft:fall_one_cm":19672},"minecraft:killed_by":{"minecraft:spider":2,"minecraft:drowned":4,"minecraft:skeleton":2},"minecraft:crafted":{"minecraft:oak_planks":68,"ageofweapons:katana_iron":1,"minecraft:stone_shovel":6,"minecraft:birch_boat":1,"ageofweapons:blank_template":9,"ageofweapons:large_iron_blank":1,"minecraft:furnace":4,"minecraft:stone":44,"gamma_beasts:prehnite_armor_chestplate":1,"minecraft:cooked_mutton":1,"ageofweapons:caveman_spear":1,"minecraft:ladder":12,"minecraft:melon_seeds":4,"minecraft:iron_hoe":1,"minecraft:stone_pickaxe":5,"minecraft:chest":2,"minecraft:birch_door":3,"minecraft:stone_bricks":28,"ageofweapons:katana_template":1,"minecraft:cooked_porkchop":2,"minecraft:crafting_table":4,"minecraft:wooden_pickaxe":1,"minecraft:smithing_table":1,"minecraft:bucket":1,"minecraft:birch_planks":52,"minecraft:stone_axe":1,"minecraft:air":0,"minecraft:charcoal":7,"minecraft:shield":1,"ageofweapons:hammer":1,"minecraft:stick":84,"minecraft:iron_ingot":12,"ageofweapons:katana_iron_part":1,"minecraft:iron_pickaxe":2,"minecraft:iron_block":1,"minecraft:wooden_axe":1,"minecraft:stone_sword":2,"minecraft:stonecutter":1,"minecraft:gold_ingot":1,"ageofweapons:throw_wood":1,"minecraft:torch":48},"minecraft:mined":{"minecraft:granite":41,"minecraft:acacia_log":2,"minecraft:grass_block":118,"minecraft:kelp":2,"minecraft:iron_ore":34,"minecraft:cobbled_deepslate":5,"gamma_beasts:prehnite_ore":10,"minecraft:andesite":31,"minecraft:oak_stairs":1,"minecraft:stone":634,"minecraft:kelp_plant":3,"minecraft:melon_stem":2,"minecraft:dandelion":4,"minecraft:crafting_table":2,"minecraft:torch":5,"minecraft:poppy":4,"minecraft:melon":18,"minecraft:cobblestone":50,"minecraft:copper_ore":13,"minecraft:deepslate_coal_ore":8,"minecraft:oak_planks":18,"minecraft:diorite":36,"minecraft:wall_torch":9,"minecraft:purple_bed":8,"minecraft:birch_log":13,"minecraft:wheat":9,"minecraft:grass":19,"minecraft:oak_log":22,"minecraft:coal_ore":53,"horror_element_mod:dead_cow":1,"minecraft:gravel":5,"minecraft:dirt":54,"minecraft:oak_leaves":5,"minecraft:deepslate":8},"minecraft:broken":{"minecraft:stone_pickaxe":4,"minecraft:iron_pickaxe":1},"minecraft:killed":{"the_flesh_that_hates:flesh_human":1,"minecraft:spider":2,"undead_revamp2:thesmoker":1,"the_flesh_that_hates:plaqueincubatorstart":2,"minecraft:skeleton":1,"the_flesh_that_hates:plaquecontaminator":2,"minecraft:drowned":4,"minecraft:skeleton_horse":1,"the_flesh_that_hates:plaquecreatureone":1,"minecraft:pig":1,"minecraft:creeper":3,"minecraft:sheep":1,"minecraft:zombie":2,"minecraft:cow":1},"minecraft:picked_up":{"minecraft:crafting_table":3,"minecraft:wheat":13,"minecraft:oak_stairs":1,"minecraft:string":12,"minecraft:raw_copper":49,"minecraft:cobbled_deepslate":13,"minecraft:poppy":10,"minecraft:melon_slice":81,"minecraft:birch_sapling":1,"minecraft:egg":1,"minecraft:stick":4,"minecraft:raw_iron":33,"minecraft:torch":20,"minecraft:acacia_log":2,"minecraft:porkchop":2,"tombstone:grave_dust":2,"minecraft:diorite":34,"minecraft:stone_pressure_plate":1,"minecraft:arrow":6,"minecraft:rotten_flesh":15,"gamma_beasts:coal_nugget":19,"minecraft:mutton":1,"minecraft:white_wool":1,"minecraft:cobblestone":677,"minecraft:birch_log":13,"minecraft:iron_door":1,"minecraft:andesite":40,"gamma_beasts:prehnite":10,"minecraft:oak_log":22,"minecraft:gunpowder":4,"minecraft:dirt":207,"the_flesh_that_hates:piece_of_flesh":1,"minecraft:bone":9,"minecraft:apple":2,"minecraft:kelp":3,"minecraft:wheat_seeds":25,"tombstone:bag_of_seeds":1,"minecraft:oak_planks":18,"minecraft:dandelion":10,"minecraft:gravel":4,"minecraft:ink_sac":2,"minecraft:spider_eye":1,"minecraft:purple_bed":8,"knightquest:small_essence":3,"minecraft:granite":39,"minecraft:oak_sapling":3,"minecraft:coal":61,"minecraft:melon_seeds":2},"minecraft:dropped":{"minecraft:wheat_seeds":1,"gamma_beasts:coal_nugget":1,"minecraft:coal":5,"minecraft:dirt":1,"minecraft:wooden_axe":1,"minecraft:iron_door":1,"minecraft:string":2,"minecraft:dandelion":6,"minecraft:kelp":3,"minecraft:poppy":6,"minecraft:andesite":9,"minecraft:oak_sapling":1,"minecraft:stone_pressure_plate":1,"minecraft:wooden_pickaxe":1},"minecraft:used":{"horror_element_mod:redlantern":8,"knightquest:silver_helmet":6,"minecraft:stone_sword":28,"knightquest:silver_leggings":3,"graveyard:creeper_skeleton":2,"minecraft:stone_shovel":103,"minecraft:ladder":15,"knightquest:silver_boots":1,"minecraft:chest":2,"minecraft:shield":3,"minecraft:stone":1,"minecraft:rotten_flesh":1,"knightquest:apple_helmet":6,"minecraft:torch":159,"minecraft:dirt":215,"minecraft:diamond_helmet":1,"horror_element_mod:hospital_bed":5,"minecraft:granite":2,"knightquest:silver_chestplate":2,"minecraft:birch_door":1,"minecraft:wooden_axe":14,"minecraft:iron_hoe":50,"horror_element_mod:human_remains":2,"minecraft:villager_spawn_egg":5,"minecraft:grass_block":116,"minecraft:birch_sapling":1,"ageofweapons:katana_iron":60,"minecraft:melon_seeds":9,"minecraft:stone_bricks":40,"minetraps:obstacle":49,"minecraft:diamond_chestplate":1,"horror_element_mod:blood_10":14,"minecraft:reinforced_deepslate":158,"horror_element_mod:impaled_skeleton":2,"minecraft:oak_sapling":2,"minecraft:goat_horn":1,"minecraft:furnace":4,"tombstone:gift":4,"minecraft:egg":1,"ageofweapons:cleaver_iron":1,"minecraft:cobbled_deepslate":13,"minecraft:wheat_seeds":24,"minecraft:cooked_mutton":1,"minecraft:water_bucket":5,"minecraft:diorite":6,"minecraft:diamond_boots":1,"minecraft:stone_pickaxe":630,"minecraft:iron_golem_spawn_egg":3,"minecraft:wooden_pickaxe":17,"minecraft:birch_boat":1,"minetraps:razor_wire":4,"horror_element_mod:beheaded_body":3,"minecraft:stonecutter":1,"minecraft:golden_apple":2,"minecraft:sand":25,"horror_element_mod:spider_head":1,"minecraft:crafting_table":6,"minecraft:campfire":1,"minecraft:sponge":23,"knightquest:apple_leggings":3,"tombstone:bag_of_seeds":1,"gamma_beasts:prehnite_armor_chestplate":1,"minecraft:melon_slice":16,"minecraft:iron_pickaxe":310,"horror_element_mod:hazzmat_head":1,"minecraft:iron_door":4,"the_flesh_that_hates:flesh_human_spawn_egg":1,"minecraft:stone_axe":59,"graveyard:leaning_wither_skeleton":4,"horror_element_mod:hazzmat_body":3,"minecraft:cobblestone":586,"minecraft:purple_bed":9,"minecraft:cooked_porkchop":2,"minecraft:smithing_table":1,"minecraft:bucket":6,"knightquest:apple_chestplate":2,"minecraft:polished_blackstone_button":4,"horror_element_mod:marine_body":2,"minecraft:brush":2,"minetraps:barbed_wire_fence":59,"minecraft:diamond_leggings":1,"minecraft:smooth_stone":3}},"DataVersion":3465}