{"stats":{"minecraft:custom":{"minecraft:interact_with_smithing_table":1,"minecraft:mob_kills":19,"minecraft:interact_with_crafting_table":40,"minecraft:damage_dealt_resisted":3,"minecraft:leave_game":10,"minecraft:time_since_death":59305,"minecraft:climb_one_cm":45778,"minecraft:sprint_one_cm":274719,"minecraft:walk_one_cm":358087,"minecraft:damage_blocked_by_shield":120,"minecraft:drop":18,"minecraft:play_time":260065,"minecraft:deaths":8,"minecraft:sneak_time":16335,"minecraft:walk_under_water_one_cm":44966,"minecraft:jump":1527,"minecraft:walk_on_water_one_cm":33394,"minecraft:total_world_time":260065,"minecraft:interact_with_furnace":28,"minecraft:interact_with_stonecutter":2,"minecraft:time_since_rest":58565,"minecraft:damage_taken":1766,"minecraft:damage_dealt":1580,"minecraft:swim_one_cm":104724,"minecraft:fly_one_cm":775418,"minecraft:open_chest":30,"minecraft:crouch_one_cm":25804,"tombstone:undead_killed":5,"minecraft:fall_one_cm":15276},"minecraft:killed_by":{"minecraft:drowned":3,"minecraft:skeleton":2},"minecraft:crafted":{"ageofweapons:katana_iron":1,"minecraft:oak_planks":68,"minecraft:stone_shovel":6,"ageofweapons:blank_template":9,"ageofweapons:large_iron_blank":1,"minecraft:furnace":3,"minecraft:stone":35,"minecraft:cooked_mutton":1,"ageofweapons:caveman_spear":1,"minecraft:iron_hoe":1,"minecraft:stone_pickaxe":5,"minecraft:chest":2,"ageofweapons:katana_template":1,"minecraft:cooked_porkchop":2,"minecraft:crafting_table":3,"minecraft:wooden_pickaxe":1,"minecraft:smithing_table":1,"minecraft:bucket":1,"minecraft:birch_planks":28,"minecraft:stone_axe":1,"minecraft:air":0,"minecraft:charcoal":7,"minecraft:shield":1,"ageofweapons:hammer":1,"minecraft:stick":48,"ageofweapons:katana_iron_part":1,"minecraft:iron_ingot":3,"minecraft:wooden_axe":1,"minecraft:stone_sword":2,"minecraft:stonecutter":1,"minecraft:gold_ingot":1,"ageofweapons:throw_wood":1,"minecraft:torch":28},"minecraft:mined":{"minecraft:granite":41,"minecraft:acacia_log":2,"minecraft:grass_block":115,"minecraft:kelp":1,"minecraft:iron_ore":12,"minecraft:cobbled_deepslate":5,"minecraft:andesite":31,"minecraft:oak_stairs":1,"minecraft:stone":418,"minecraft:kelp_plant":1,"minecraft:dandelion":4,"minecraft:crafting_table":1,"minecraft:torch":2,"minecraft:poppy":4,"minecraft:melon":3,"minecraft:copper_ore":6,"minecraft:cobblestone":43,"minecraft:oak_planks":18,"minecraft:diorite":29,"minecraft:wall_torch":3,"minecraft:purple_bed":8,"minecraft:birch_log":7,"minecraft:grass":15,"minecraft:coal_ore":13,"minecraft:oak_log":22,"horror_element_mod:dead_cow":1,"minecraft:dirt":48,"minecraft:gravel":5,"minecraft:deepslate":8,"minecraft:oak_leaves":5},"minecraft:broken":{"minecraft:stone_pickaxe":4},"minecraft:killed":{"the_flesh_that_hates:flesh_human":1,"minecraft:spider":1,"the_flesh_that_hates:plaqueincubatorstart":1,"minecraft:skeleton":1,"the_flesh_that_hates:plaquecontaminator":2,"minecraft:drowned":2,"minecraft:pig":1,"minecraft:sheep":1,"minecraft:zombie":2,"minecraft:cow":1},"minecraft:picked_up":{"minecraft:crafting_table":2,"minecraft:oak_stairs":1,"minecraft:string":12,"minecraft:raw_copper":21,"minecraft:cobbled_deepslate":13,"minecraft:poppy":10,"minecraft:melon_slice":12,"minecraft:egg":1,"minecraft:raw_iron":11,"minecraft:stick":2,"minecraft:torch":10,"minecraft:acacia_log":2,"minecraft:porkchop":2,"minecraft:diorite":27,"minecraft:stone_pressure_plate":1,"minecraft:arrow":6,"minecraft:rotten_flesh":14,"gamma_beasts:coal_nugget":6,"minecraft:mutton":1,"minecraft:white_wool":1,"minecraft:cobblestone":458,"minecraft:birch_log":7,"minecraft:iron_door":1,"minecraft:andesite":40,"minecraft:oak_log":22,"minecraft:gunpowder":4,"minecraft:dirt":198,"the_flesh_that_hates:piece_of_flesh":1,"minecraft:bone":9,"minecraft:apple":2,"minecraft:kelp":1,"minecraft:wheat_seeds":4,"tombstone:bag_of_seeds":1,"minecraft:oak_planks":18,"minecraft:dandelion":10,"minecraft:gravel":4,"minecraft:ink_sac":2,"minecraft:purple_bed":8,"minecraft:granite":39,"knightquest:small_essence":3,"minecraft:oak_sapling":3,"minecraft:coal":13},"minecraft:dropped":{"minecraft:wheat_seeds":1,"gamma_beasts:coal_nugget":1,"minecraft:coal":5,"minecraft:dirt":1,"minecraft:wooden_axe":1,"minecraft:iron_door":1,"minecraft:string":2,"minecraft:dandelion":6,"minecraft:kelp":1,"minecraft:poppy":6,"minecraft:andesite":9,"minecraft:oak_sapling":1,"minecraft:stone_pressure_plate":1,"minecraft:wooden_pickaxe":1},"minecraft:used":{"horror_element_mod:redlantern":8,"knightquest:silver_helmet":6,"minecraft:stone_sword":23,"knightquest:silver_leggings":3,"graveyard:creeper_skeleton":2,"minecraft:stone_shovel":103,"minecraft:ladder":8,"knightquest:silver_boots":1,"minecraft:chest":2,"minecraft:shield":2,"minecraft:stone":1,"minecraft:rotten_flesh":1,"knightquest:apple_helmet":6,"minecraft:torch":130,"minecraft:dirt":204,"minecraft:diamond_helmet":1,"minecraft:granite":2,"horror_element_mod:hospital_bed":5,"knightquest:silver_chestplate":2,"minecraft:iron_hoe":32,"horror_element_mod:human_remains":2,"minecraft:wooden_axe":14,"minecraft:villager_spawn_egg":5,"minecraft:grass_block":2,"minecraft:melon_seeds":3,"minecraft:stone_bricks":12,"minetraps:obstacle":49,"horror_element_mod:blood_10":14,"minecraft:diamond_chestplate":1,"minecraft:reinforced_deepslate":158,"horror_element_mod:impaled_skeleton":2,"minecraft:furnace":3,"minecraft:goat_horn":1,"minecraft:oak_sapling":2,"tombstone:gift":4,"minecraft:egg":1,"ageofweapons:cleaver_iron":1,"minecraft:cobbled_deepslate":13,"minecraft:wheat_seeds":3,"minecraft:cooked_mutton":1,"minecraft:water_bucket":4,"minecraft:diorite":4,"minecraft:diamond_boots":1,"minecraft:stone_pickaxe":605,"minecraft:iron_golem_spawn_egg":3,"minecraft:wooden_pickaxe":17,"minecraft:stonecutter":1,"minetraps:razor_wire":4,"horror_element_mod:beheaded_body":3,"horror_element_mod:spider_head":1,"minecraft:crafting_table":5,"minecraft:campfire":1,"minecraft:sponge":23,"knightquest:apple_leggings":3,"tombstone:bag_of_seeds":1,"minecraft:melon_slice":7,"minecraft:iron_pickaxe":16,"horror_element_mod:hazzmat_head":1,"minecraft:iron_door":4,"the_flesh_that_hates:flesh_human_spawn_egg":1,"minecraft:stone_axe":44,"graveyard:leaning_wither_skeleton":4,"minecraft:cobblestone":109,"horror_element_mod:hazzmat_body":3,"minecraft:purple_bed":9,"minecraft:cooked_porkchop":2,"minecraft:smithing_table":1,"minecraft:bucket":4,"knightquest:apple_chestplate":2,"minecraft:polished_blackstone_button":4,"horror_element_mod:marine_body":2,"minecraft:brush":2,"minetraps:barbed_wire_fence":59,"minecraft:smooth_stone":3,"minecraft:diamond_leggings":1}},"DataVersion":3465}