{"stats":{"minecraft:custom":{"minecraft:time_since_rest":7225,"minecraft:sprint_one_cm":102639,"minecraft:damage_taken":470,"minecraft:walk_one_cm":118235,"minecraft:mob_kills":7,"minecraft:drop":5,"minecraft:damage_dealt":569,"minecraft:swim_one_cm":9018,"minecraft:fly_one_cm":656128,"minecraft:open_chest":2,"minecraft:crouch_one_cm":814,"minecraft:play_time":110871,"tombstone:undead_killed":1,"minecraft:deaths":3,"minecraft:sneak_time":1348,"minecraft:walk_under_water_one_cm":5880,"minecraft:jump":456,"minecraft:leave_game":8,"minecraft:walk_on_water_one_cm":7150,"minecraft:time_since_death":8143,"minecraft:climb_one_cm":21524,"minecraft:total_world_time":110871,"minecraft:fall_one_cm":4186},"minecraft:killed_by":{"minecraft:skeleton":1},"minecraft:mined":{"minecraft:grass":1,"minecraft:grass_block":1,"minecraft:stone":16,"minecraft:oak_leaves":1},"minecraft:killed":{"minecraft:skeleton":1,"the_flesh_that_hates:flesh_human":1,"the_flesh_that_hates:plaquecontaminator":2,"the_flesh_that_hates:plaqueincubatorstart":1},"minecraft:picked_up":{"minecraft:iron_door":1,"minecraft:torch":2,"minecraft:string":4,"minecraft:dirt":2,"minecraft:stone_pressure_plate":1,"the_flesh_that_hates:piece_of_flesh":1,"minecraft:bone":2,"minecraft:cobblestone":16,"minecraft:egg":1},"minecraft:dropped":{"minecraft:dirt":1,"minecraft:iron_door":1,"minecraft:stone_pressure_plate":1,"minecraft:string":2},"minecraft:used":{"horror_element_mod:redlantern":8,"horror_element_mod:human_remains":2,"knightquest:silver_helmet":6,"minecraft:diamond_boots":1,"knightquest:silver_leggings":3,"minecraft:villager_spawn_egg":5,"minecraft:grass_block":2,"graveyard:creeper_skeleton":2,"minecraft:ladder":8,"minecraft:iron_pickaxe":16,"horror_element_mod:hazzmat_head":1,"minecraft:iron_golem_spawn_egg":3,"knightquest:silver_boots":1,"minecraft:stone":1,"minecraft:iron_door":4,"minetraps:razor_wire":4,"minetraps:obstacle":49,"minecraft:cobblestone":16,"horror_element_mod:beheaded_body":3,"minecraft:diamond_chestplate":1,"horror_element_mod:hazzmat_body":3,"minecraft:stone_bricks":12,"graveyard:leaning_wither_skeleton":4,"the_flesh_that_hates:flesh_human_spawn_egg":1,"minecraft:torch":95,"knightquest:apple_helmet":6,"horror_element_mod:blood_10":14,"minecraft:reinforced_deepslate":158,"horror_element_mod:impaled_skeleton":2,"minecraft:dirt":13,"horror_element_mod:spider_head":1,"minecraft:purple_bed":1,"minecraft:goat_horn":1,"ageofweapons:cleaver_iron":1,"minecraft:polished_blackstone_button":4,"minecraft:campfire":1,"horror_element_mod:marine_body":2,"minecraft:diamond_helmet":1,"knightquest:apple_chestplate":2,"minecraft:sponge":23,"minecraft:egg":1,"minecraft:brush":2,"horror_element_mod:hospital_bed":5,"knightquest:apple_leggings":3,"minetraps:barbed_wire_fence":59,"minecraft:diamond_leggings":1,"minecraft:smooth_stone":3,"knightquest:silver_chestplate":2}},"DataVersion":3465}