{"stats":{"minecraft:dropped":{"minecraft:rotten_flesh":6,"minecraft:spider_eye":1,"minecraft:slime_ball":1,"minecraft:sand":2,"minecraft:string":2},"minecraft:mined":{"horror_element_mod:spiked_body":1,"minecraft:sand":3},"minecraft:killed":{"minecraft:spider":3,"minecraft:husk":1},"minecraft:used":{"minecraft:sand":1},"minecraft:custom":{"minecraft:time_since_rest":2579,"minecraft:walk_under_water_one_cm":2112,"tombstone:undead_killed":1,"minecraft:crouch_one_cm":30,"minecraft:sprint_one_cm":48274,"minecraft:play_time":27598,"minecraft:deaths":2,"minecraft:damage_taken":565,"minecraft:walk_one_cm":42835,"minecraft:sneak_time":85,"minecraft:mob_kills":4,"minecraft:drop":10,"minecraft:jump":178,"minecraft:damage_dealt":48,"minecraft:leave_game":2,"minecraft:walk_on_water_one_cm":3479,"minecraft:time_since_death":3335,"minecraft:total_world_time":27598,"minecraft:swim_one_cm":31235,"minecraft:fall_one_cm":2744,"minecraft:fly_one_cm":44335},"minecraft:killed_by":{"minecraft:skeleton":2},"minecraft:picked_up":{"minecraft:rotten_flesh":12,"minecraft:slime_ball":1,"minecraft:sand":3,"minecraft:spider_eye":1,"minecraft:string":2}},"DataVersion":3465}