{"stats":{"minecraft:used":{"minecraft:stone_bricks":12,"horror_element_mod:blood_10":9,"horror_element_mod:human_remains":2,"minecraft:torch":55,"graveyard:leaning_wither_skeleton":4,"minecraft:reinforced_deepslate":52,"horror_element_mod:spider_head":1,"horror_element_mod:impaled_skeleton":2,"minecraft:dirt":1,"horror_element_mod:hazzmat_body":3,"minecraft:purple_bed":1,"graveyard:creeper_skeleton":2,"minecraft:ladder":8,"horror_element_mod:hazzmat_head":1,"minecraft:sponge":23,"minecraft:campfire":1,"horror_element_mod:marine_body":2,"horror_element_mod:hospital_bed":5,"horror_element_mod:beheaded_body":1},"minecraft:custom":{"minecraft:time_since_rest":29655,"minecraft:sprint_one_cm":11471,"minecraft:crouch_one_cm":51,"minecraft:play_time":29655,"minecraft:walk_one_cm":34023,"minecraft:sneak_time":654,"minecraft:walk_under_water_one_cm":4158,"minecraft:jump":77,"minecraft:damage_dealt":130,"minecraft:leave_game":3,"minecraft:walk_on_water_one_cm":3953,"minecraft:time_since_death":29655,"minecraft:climb_one_cm":1399,"minecraft:total_world_time":29655,"minecraft:fall_one_cm":209,"minecraft:fly_one_cm":155529},"minecraft:mined":{"minecraft:grass_block":1,"minecraft:oak_leaves":1},"minecraft:picked_up":{"minecraft:torch":1,"minecraft:dirt":1}},"DataVersion":3465}