{"stats":{"minecraft:custom":{"minecraft:mob_kills":10,"minecraft:interact_with_crafting_table":3,"minecraft:leave_game":8,"minecraft:time_since_death":32143,"minecraft:climb_one_cm":27002,"minecraft:time_since_rest":31225,"minecraft:sprint_one_cm":139072,"minecraft:damage_taken":520,"minecraft:walk_one_cm":151264,"minecraft:drop":8,"minecraft:damage_dealt":759,"minecraft:swim_one_cm":16965,"minecraft:fly_one_cm":703817,"minecraft:open_chest":2,"minecraft:crouch_one_cm":904,"minecraft:deaths":3,"minecraft:play_time":134871,"tombstone:undead_killed":1,"minecraft:sneak_time":1818,"minecraft:walk_under_water_one_cm":7896,"minecraft:jump":606,"minecraft:walk_on_water_one_cm":8911,"minecraft:total_world_time":134871,"minecraft:fall_one_cm":6042},"minecraft:killed_by":{"minecraft:skeleton":1},"minecraft:crafted":{"minecraft:oak_planks":44,"minecraft:crafting_table":1,"minecraft:wooden_pickaxe":1,"minecraft:stone_axe":1,"minecraft:stick":12,"minecraft:stone_sword":1,"minecraft:stone_pickaxe":1,"minecraft:wooden_axe":1},"minecraft:mined":{"minecraft:crafting_table":1,"minecraft:grass_block":2,"minecraft:diorite":4,"minecraft:coal_ore":5,"minecraft:grass":2,"minecraft:oak_log":11,"minecraft:dirt":2,"minecraft:stone":43,"minecraft:oak_leaves":4},"minecraft:killed":{"the_flesh_that_hates:flesh_human":1,"the_flesh_that_hates:plaqueincubatorstart":1,"minecraft:sheep":1,"minecraft:skeleton":1,"the_flesh_that_hates:plaquecontaminator":2,"minecraft:cow":1},"minecraft:picked_up":{"minecraft:crafting_table":1,"minecraft:iron_door":1,"minecraft:oak_log":11,"minecraft:dirt":5,"minecraft:string":4,"the_flesh_that_hates:piece_of_flesh":1,"minecraft:bone":2,"minecraft:egg":1,"minecraft:torch":2,"minecraft:diorite":4,"minecraft:stone_pressure_plate":1,"gamma_beasts:coal_nugget":3,"minecraft:coal":5,"minecraft:mutton":1,"minecraft:white_wool":1,"minecraft:cobblestone":43},"minecraft:dropped":{"minecraft:coal":5,"minecraft:dirt":1,"minecraft:wooden_axe":1,"minecraft:iron_door":1,"minecraft:stone_pressure_plate":1,"minecraft:wooden_pickaxe":1,"minecraft:string":2},"minecraft:used":{"horror_element_mod:redlantern":8,"knightquest:silver_helmet":6,"minecraft:diorite":4,"minecraft:diamond_boots":1,"knightquest:silver_leggings":3,"graveyard:creeper_skeleton":2,"minecraft:stone_pickaxe":21,"minecraft:ladder":8,"knightquest:silver_boots":1,"minecraft:iron_golem_spawn_egg":3,"minecraft:wooden_pickaxe":17,"minecraft:stone":1,"minetraps:razor_wire":4,"horror_element_mod:beheaded_body":3,"knightquest:apple_helmet":6,"minecraft:torch":95,"minecraft:dirt":13,"horror_element_mod:spider_head":1,"minecraft:crafting_table":2,"minecraft:diamond_helmet":1,"minecraft:campfire":1,"minecraft:sponge":23,"horror_element_mod:hospital_bed":5,"knightquest:apple_leggings":3,"knightquest:silver_chestplate":2,"minecraft:wooden_axe":14,"horror_element_mod:human_remains":2,"minecraft:villager_spawn_egg":5,"minecraft:grass_block":2,"minecraft:iron_pickaxe":16,"horror_element_mod:hazzmat_head":1,"minecraft:iron_door":4,"the_flesh_that_hates:flesh_human_spawn_egg":1,"minecraft:stone_bricks":12,"horror_element_mod:blood_10":14,"minetraps:obstacle":49,"minecraft:diamond_chestplate":1,"minecraft:reinforced_deepslate":158,"graveyard:leaning_wither_skeleton":4,"horror_element_mod:impaled_skeleton":2,"horror_element_mod:hazzmat_body":3,"minecraft:cobblestone":16,"minecraft:purple_bed":1,"minecraft:goat_horn":1,"knightquest:apple_chestplate":2,"minecraft:egg":1,"minecraft:polished_blackstone_button":4,"horror_element_mod:marine_body":2,"minecraft:brush":2,"ageofweapons:cleaver_iron":1,"minetraps:barbed_wire_fence":59,"minecraft:smooth_stone":3,"minecraft:diamond_leggings":1}},"DataVersion":3465}