{"stats":{"minecraft:picked_up":{"minecraft:torch":2,"minecraft:string":4,"minecraft:dirt":2,"the_flesh_that_hates:piece_of_flesh":1,"minecraft:bone":2},"minecraft:mined":{"minecraft:grass":1,"minecraft:grass_block":1,"minecraft:oak_leaves":1},"minecraft:killed":{"minecraft:skeleton":1,"the_flesh_that_hates:flesh_human":1,"the_flesh_that_hates:plaquecontaminator":2,"the_flesh_that_hates:plaqueincubatorstart":1},"minecraft:dropped":{"minecraft:dirt":1,"minecraft:string":2},"minecraft:killed_by":{"minecraft:skeleton":1},"minecraft:used":{"horror_element_mod:redlantern":6,"horror_element_mod:human_remains":2,"knightquest:silver_helmet":6,"minecraft:diamond_boots":1,"knightquest:silver_leggings":3,"minecraft:villager_spawn_egg":5,"graveyard:creeper_skeleton":2,"minecraft:ladder":8,"horror_element_mod:hazzmat_head":1,"minecraft:iron_golem_spawn_egg":3,"knightquest:silver_boots":1,"horror_element_mod:beheaded_body":3,"the_flesh_that_hates:flesh_human_spawn_egg":1,"minecraft:stone_bricks":12,"knightquest:apple_helmet":6,"minecraft:diamond_chestplate":1,"graveyard:leaning_wither_skeleton":4,"horror_element_mod:blood_10":9,"minecraft:torch":95,"horror_element_mod:hazzmat_body":3,"minecraft:reinforced_deepslate":158,"minecraft:dirt":12,"horror_element_mod:impaled_skeleton":2,"horror_element_mod:spider_head":1,"minecraft:purple_bed":1,"minecraft:campfire":1,"knightquest:apple_chestplate":2,"minecraft:diamond_helmet":1,"minecraft:sponge":23,"horror_element_mod:marine_body":2,"ageofweapons:cleaver_iron":1,"horror_element_mod:hospital_bed":5,"knightquest:apple_leggings":3,"minecraft:diamond_leggings":1,"knightquest:silver_chestplate":2},"minecraft:custom":{"minecraft:time_since_rest":40984,"minecraft:sprint_one_cm":65016,"minecraft:damage_taken":460,"minecraft:walk_one_cm":81287,"minecraft:mob_kills":7,"minecraft:drop":3,"minecraft:damage_dealt":555,"tombstone:undead_killed":1,"minecraft:swim_one_cm":9018,"minecraft:fly_one_cm":431288,"minecraft:open_chest":1,"minecraft:crouch_one_cm":618,"minecraft:play_time":80035,"minecraft:deaths":2,"minecraft:sneak_time":1075,"minecraft:walk_under_water_one_cm":5880,"minecraft:jump":293,"minecraft:leave_game":6,"minecraft:walk_on_water_one_cm":7150,"minecraft:time_since_death":41456,"minecraft:total_world_time":80035,"minecraft:climb_one_cm":12528,"minecraft:fall_one_cm":4186}},"DataVersion":3465}