{"stats":{"minecraft:used":{"endrem:corrupted_eye":1,"endrem:exotic_eye":1,"endrem:cryptic_eye":1,"endrem:magical_eye":1,"minecraft:dirt":1,"endrem:black_eye":1,"minecraft:crafting_table":1,"endrem:guardian_eye":1,"minecraft:end_portal_frame":1,"endrem:old_eye":1,"endrem:witch_eye":1,"endrem:undead_eye":1,"minecraft:end_stone":4},"minecraft:dropped":{"minecraft:wheat_seeds":1,"minecraft:end_portal_frame":1},"minecraft:picked_up":{"minecraft:wheat_seeds":2,"minecraft:dirt":9},"minecraft:custom":{"minecraft:time_since_rest":5660,"minecraft:open_chest":1,"minecraft:crouch_one_cm":661,"minecraft:sprint_one_cm":12906,"minecraft:play_time":20579,"minecraft:deaths":1,"minecraft:damage_taken":161,"minecraft:walk_one_cm":22892,"minecraft:sneak_time":410,"minecraft:walk_under_water_one_cm":1676,"minecraft:drop":2,"minecraft:jump":98,"minecraft:damage_dealt":65,"minecraft:leave_game":4,"minecraft:walk_on_water_one_cm":139,"minecraft:time_since_death":7887,"minecraft:total_world_time":20579,"minecraft:interact_with_crafting_table":1,"minecraft:fly_one_cm":366731},"minecraft:crafted":{"tombstone:grave_key":1},"minecraft:killed_by":{"undead_revamp2:bigsucker":1}},"DataVersion":3465}