{"stats":{"minecraft:used":{"ageofweapons:ninja_chestplate":1,"ageofweapons:ninjato_diamond":2,"ageofweapons:soldier_chestplate":1,"ageofweapons:soldier_helmet":1,"ageofweapons:molotov_cocktail":1,"ageofweapons:ninja_helmet":1,"ageofweapons:ninja_leggings":1,"ageofweapons:ninja_boots":1},"minecraft:dropped":{"minecraft:stick":1},"minecraft:picked_up":{"minecraft:stick":1,"minecraft:apple":1,"minecraft:mutton":1},"minecraft:mined":{"minecraft:grass":2,"minecraft:oak_leaves":4},"minecraft:custom":{"minecraft:time_since_rest":5479,"minecraft:crouch_one_cm":154,"minecraft:play_time":5479,"minecraft:sprint_one_cm":11627,"minecraft:walk_one_cm":10442,"minecraft:sneak_time":163,"minecraft:walk_under_water_one_cm":37,"minecraft:mob_kills":2,"minecraft:drop":1,"minecraft:jump":52,"minecraft:damage_dealt":80,"minecraft:time_since_death":5479,"minecraft:walk_on_water_one_cm":348,"minecraft:climb_one_cm":684,"minecraft:total_world_time":5479,"minecraft:swim_one_cm":2326,"minecraft:fall_one_cm":743,"minecraft:fly_one_cm":14912},"minecraft:killed":{"minecraft:sheep":1,"minecraft:chicken":1}},"DataVersion":3465}