{"stats":{"minecraft:mined":{"minecraft:sand":3},"minecraft:used":{"minecraft:sand":1},"minecraft:custom":{"minecraft:jump":39,"minecraft:time_since_rest":1,"minecraft:damage_taken":195,"minecraft:leave_game":2,"minecraft:play_time":12194,"minecraft:sprint_one_cm":7197,"minecraft:time_since_death":1705,"minecraft:walk_one_cm":4676,"minecraft:deaths":1,"minecraft:sneak_time":22,"minecraft:total_world_time":12194,"minecraft:fall_one_cm":209,"minecraft:fly_one_cm":4920},"minecraft:killed_by":{"minecraft:skeleton":1},"minecraft:picked_up":{"minecraft:sand":3,"minecraft:rotten_flesh":2}},"DataVersion":3465}