{"stats":{"minecraft:custom":{"minecraft:interact_with_furnace":10,"minecraft:mob_kills":15,"minecraft:interact_with_crafting_table":11,"minecraft:damage_dealt_resisted":3,"minecraft:leave_game":9,"minecraft:time_since_death":13875,"minecraft:climb_one_cm":45778,"minecraft:time_since_rest":13767,"minecraft:sprint_one_cm":173646,"minecraft:damage_taken":1419,"minecraft:walk_one_cm":217270,"minecraft:drop":11,"minecraft:damage_dealt":1250,"minecraft:swim_one_cm":84543,"minecraft:fly_one_cm":758206,"minecraft:open_chest":5,"minecraft:play_time":182478,"minecraft:crouch_one_cm":15290,"minecraft:sneak_time":12178,"tombstone:undead_killed":2,"minecraft:deaths":7,"minecraft:walk_under_water_one_cm":23012,"minecraft:jump":1062,"minecraft:walk_on_water_one_cm":25739,"minecraft:total_world_time":182478,"minecraft:fall_one_cm":14007},"minecraft:killed_by":{"minecraft:skeleton":2,"minecraft:drowned":3},"minecraft:crafted":{"minecraft:oak_planks":52,"minecraft:cooked_porkchop":2,"minecraft:crafting_table":2,"minecraft:wooden_pickaxe":1,"minecraft:furnace":2,"minecraft:bucket":1,"minecraft:stone_axe":1,"minecraft:cooked_mutton":1,"minecraft:air":0,"minecraft:charcoal":2,"minecraft:iron_hoe":1,"minecraft:stick":28,"minecraft:stone_pickaxe":1,"minecraft:wooden_axe":1,"minecraft:stone_sword":2,"minecraft:chest":2,"minecraft:torch":16},"minecraft:mined":{"minecraft:crafting_table":1,"minecraft:acacia_log":2,"minecraft:grass_block":16,"minecraft:cobblestone":36,"minecraft:oak_planks":18,"minecraft:diorite":4,"minecraft:purple_bed":8,"minecraft:birch_log":7,"minecraft:iron_ore":1,"minecraft:grass":8,"minecraft:oak_log":17,"minecraft:coal_ore":13,"horror_element_mod:dead_cow":1,"minecraft:oak_stairs":1,"minecraft:dirt":11,"minecraft:stone":80,"minecraft:oak_leaves":5},"minecraft:killed":{"minecraft:pig":1,"the_flesh_that_hates:flesh_human":1,"minecraft:spider":1,"the_flesh_that_hates:plaqueincubatorstart":1,"minecraft:sheep":1,"minecraft:skeleton":1,"the_flesh_that_hates:plaquecontaminator":2,"minecraft:drowned":1,"minecraft:cow":1},"minecraft:picked_up":{"minecraft:birch_log":7,"minecraft:crafting_table":2,"minecraft:iron_door":1,"minecraft:oak_stairs":1,"minecraft:oak_log":17,"minecraft:gunpowder":4,"minecraft:dirt":52,"minecraft:string":12,"minecraft:raw_copper":4,"the_flesh_that_hates:piece_of_flesh":1,"minecraft:bone":9,"minecraft:apple":2,"minecraft:wheat_seeds":1,"tombstone:bag_of_seeds":1,"minecraft:poppy":2,"minecraft:oak_planks":18,"minecraft:egg":1,"minecraft:torch":2,"minecraft:acacia_log":2,"minecraft:porkchop":2,"minecraft:diorite":4,"minecraft:stone_pressure_plate":1,"minecraft:arrow":6,"minecraft:purple_bed":8,"minecraft:rotten_flesh":6,"knightquest:small_essence":3,"gamma_beasts:coal_nugget":6,"minecraft:oak_sapling":2,"minecraft:mutton":1,"minecraft:coal":13,"minecraft:white_wool":1,"minecraft:cobblestone":120},"minecraft:dropped":{"minecraft:wheat_seeds":1,"minecraft:coal":5,"minecraft:poppy":2,"minecraft:dirt":1,"minecraft:wooden_axe":1,"minecraft:iron_door":1,"minecraft:stone_pressure_plate":1,"minecraft:wooden_pickaxe":1,"minecraft:string":2},"minecraft:used":{"minecraft:cooked_mutton":1,"horror_element_mod:redlantern":8,"minecraft:water_bucket":2,"knightquest:silver_helmet":6,"minecraft:diorite":4,"minecraft:stone_sword":13,"minecraft:diamond_boots":1,"knightquest:silver_leggings":3,"graveyard:creeper_skeleton":2,"minecraft:stone_pickaxe":103,"minecraft:ladder":8,"minecraft:iron_golem_spawn_egg":3,"knightquest:silver_boots":1,"minecraft:chest":2,"minecraft:wooden_pickaxe":17,"minecraft:stone":1,"minetraps:razor_wire":4,"horror_element_mod:beheaded_body":3,"knightquest:apple_helmet":6,"minecraft:torch":111,"minecraft:dirt":26,"horror_element_mod:spider_head":1,"minecraft:crafting_table":4,"minecraft:campfire":1,"minecraft:diamond_helmet":1,"minecraft:sponge":23,"knightquest:apple_leggings":3,"horror_element_mod:hospital_bed":5,"knightquest:silver_chestplate":2,"minecraft:wooden_axe":14,"tombstone:bag_of_seeds":1,"horror_element_mod:human_remains":2,"minecraft:villager_spawn_egg":5,"minecraft:grass_block":2,"minecraft:iron_pickaxe":16,"horror_element_mod:hazzmat_head":1,"minetraps:obstacle":49,"horror_element_mod:hazzmat_body":3,"minecraft:stone_axe":39,"graveyard:leaning_wither_skeleton":4,"minecraft:reinforced_deepslate":158,"minecraft:iron_door":4,"minecraft:cobblestone":104,"minecraft:diamond_chestplate":1,"minecraft:stone_bricks":12,"horror_element_mod:blood_10":14,"the_flesh_that_hates:flesh_human_spawn_egg":1,"horror_element_mod:impaled_skeleton":2,"minecraft:purple_bed":9,"minecraft:goat_horn":1,"minecraft:furnace":2,"minecraft:cooked_porkchop":2,"horror_element_mod:marine_body":2,"minecraft:bucket":2,"knightquest:apple_chestplate":2,"tombstone:gift":2,"minecraft:egg":1,"minecraft:polished_blackstone_button":4,"minecraft:brush":2,"ageofweapons:cleaver_iron":1,"minetraps:barbed_wire_fence":59,"minecraft:diamond_leggings":1,"minecraft:smooth_stone":3}},"DataVersion":3465}