{"stats":{"minecraft:dropped":{"minecraft:rotten_flesh":6,"minecraft:spider_eye":1,"minecraft:slime_ball":1,"minecraft:sand":2,"minecraft:string":2},"minecraft:mined":{"horror_element_mod:spiked_body":1,"minecraft:sand":3},"minecraft:killed":{"minecraft:husk":1,"minecraft:spider":3},"minecraft:used":{"knightquest:squire_helmet":1,"knightquest:bow_boots":1,"knightquest:bow_helmet":2,"minecraft:diamond_boots":1,"knightquest:bow_chestplate":1,"knightquest:warlord_chestplate":1,"minecraft:diamond_chestplate":1,"minecraft:sand":1,"knightquest:bow_leggings":1,"minecraft:diamond_helmet":1,"knightquest:warlord_boots":1,"knightquest:warlord_leggings":1,"minecraft:diamond_leggings":1},"minecraft:custom":{"minecraft:time_since_rest":14366,"minecraft:sprint_one_cm":66263,"minecraft:damage_taken":565,"minecraft:walk_one_cm":74475,"minecraft:mob_kills":4,"minecraft:drop":10,"minecraft:damage_dealt":62,"minecraft:swim_one_cm":31235,"minecraft:fly_one_cm":219941,"minecraft:play_time":39385,"minecraft:crouch_one_cm":73,"tombstone:undead_killed":1,"minecraft:deaths":2,"minecraft:sneak_time":268,"minecraft:walk_under_water_one_cm":2112,"minecraft:jump":251,"minecraft:leave_game":3,"minecraft:time_since_death":15122,"minecraft:walk_on_water_one_cm":3479,"minecraft:climb_one_cm":646,"minecraft:total_world_time":39385,"minecraft:fall_one_cm":2744},"minecraft:killed_by":{"minecraft:skeleton":2},"minecraft:picked_up":{"minecraft:sand":3,"minecraft:spider_eye":1,"minecraft:string":2,"minecraft:rotten_flesh":12,"minecraft:slime_ball":1}},"DataVersion":3465}