{"stats":{"minecraft:used":{"horror_element_mod:human_remains":2,"knightquest:silver_helmet":2,"minecraft:diamond_boots":1,"knightquest:silver_leggings":1,"graveyard:creeper_skeleton":2,"horror_element_mod:hazzmat_head":1,"minecraft:ladder":8,"knightquest:silver_boots":1,"horror_element_mod:beheaded_body":1,"minecraft:stone_bricks":12,"knightquest:apple_helmet":2,"horror_element_mod:blood_10":9,"minecraft:diamond_chestplate":1,"minecraft:torch":55,"minecraft:reinforced_deepslate":52,"graveyard:leaning_wither_skeleton":4,"horror_element_mod:hazzmat_body":3,"minecraft:dirt":12,"horror_element_mod:impaled_skeleton":2,"horror_element_mod:spider_head":1,"minecraft:purple_bed":1,"knightquest:apple_chestplate":1,"minecraft:diamond_helmet":1,"minecraft:campfire":1,"minecraft:sponge":23,"horror_element_mod:marine_body":2,"ageofweapons:cleaver_iron":1,"horror_element_mod:hospital_bed":5,"knightquest:apple_leggings":1,"knightquest:silver_chestplate":1,"minecraft:diamond_leggings":1},"minecraft:dropped":{"minecraft:dirt":1,"minecraft:string":2},"minecraft:custom":{"minecraft:time_since_rest":3234,"minecraft:sprint_one_cm":36359,"minecraft:damage_taken":296,"minecraft:walk_one_cm":52015,"minecraft:mob_kills":1,"minecraft:drop":3,"minecraft:damage_dealt":422,"minecraft:swim_one_cm":9018,"minecraft:fly_one_cm":185090,"minecraft:crouch_one_cm":142,"minecraft:play_time":42285,"minecraft:deaths":2,"minecraft:sneak_time":718,"minecraft:walk_under_water_one_cm":4765,"minecraft:jump":208,"minecraft:time_since_death":3706,"minecraft:leave_game":4,"minecraft:walk_on_water_one_cm":5267,"minecraft:total_world_time":42285,"minecraft:climb_one_cm":11523,"minecraft:fall_one_cm":1221},"minecraft:killed":{"spore:inf_human":1},"minecraft:mined":{"minecraft:grass_block":1,"minecraft:oak_leaves":1},"minecraft:killed_by":{"spore:busser":1,"minecraft:skeleton":1},"minecraft:picked_up":{"minecraft:torch":1,"minecraft:string":4,"minecraft:dirt":2,"spore:mutated_fiber":1}},"DataVersion":3465}