{"stats":{"minecraft:mined":{"horror_element_mod:spiked_body":1,"minecraft:sand":3},"minecraft:picked_up":{"minecraft:sand":3,"minecraft:spider_eye":1,"minecraft:string":2,"spore:vent_plate":4,"minecraft:rotten_flesh":12,"minecraft:slime_ball":1},"minecraft:custom":{"minecraft:time_since_rest":27023,"minecraft:sprint_one_cm":94091,"minecraft:damage_taken":565,"minecraft:walk_one_cm":92138,"minecraft:mob_kills":4,"minecraft:drop":10,"minecraft:damage_dealt":62,"minecraft:talked_to_villager":4,"minecraft:swim_one_cm":32454,"minecraft:fly_one_cm":246854,"minecraft:open_chest":1,"minecraft:crouch_one_cm":90,"minecraft:play_time":52042,"minecraft:walk_under_water_one_cm":2734,"tombstone:undead_killed":1,"minecraft:deaths":2,"minecraft:sneak_time":300,"minecraft:jump":315,"minecraft:leave_game":3,"minecraft:walk_on_water_one_cm":4653,"minecraft:time_since_death":27779,"minecraft:climb_one_cm":646,"minecraft:total_world_time":52042,"minecraft:fall_one_cm":2744,"minecraft:inspect_dispenser":1},"minecraft:used":{"knightquest:squire_helmet":1,"knightquest:bow_boots":1,"knightquest:bow_helmet":2,"minecraft:diamond_boots":1,"minecraft:iron_helmet":1,"minecraft:iron_boots":1,"knightquest:bow_chestplate":1,"knightquest:warlord_chestplate":1,"minecraft:iron_chestplate":1,"minecraft:diamond_chestplate":1,"minecraft:sand":1,"knightquest:bow_leggings":1,"minecraft:diamond_helmet":1,"knightquest:warlord_boots":1,"horror_element_mod:hospital_bed":1,"knightquest:warlord_leggings":1,"minecraft:diamond_leggings":1,"minecraft:iron_leggings":1},"minecraft:killed":{"minecraft:husk":1,"minecraft:spider":3},"minecraft:killed_by":{"minecraft:skeleton":2},"minecraft:dropped":{"minecraft:rotten_flesh":6,"minecraft:spider_eye":1,"minecraft:slime_ball":1,"minecraft:sand":2,"minecraft:string":2}},"DataVersion":3465}