{"stats":{"minecraft:killed":{"minecraft:spider":1,"minecraft:cod":3,"minecraft:skeleton":4,"minecraft:chicken":3,"minecraft:drowned":2,"death_angels:death_angel_baby":1,"minecraft:magma_cube":1,"minecraft:pig":1,"minecraft:zombie_villager":1,"minecraft:salmon":13,"death_angels:death_angel":2,"minecraft:hoglin":9,"minecraft:creeper":13,"minecraft:sheep":6,"minecraft:zombie":20,"minecraft:blaze":4,"minecraft:enderman":1,"minecraft:cow":1},"minecraft:mined":{"minecraft:dark_oak_planks":2,"minecraft:diamond_ore":6,"minecraft:tuff":16,"minecraft:white_bed":4,"minecraft:farmland":26,"minecraft:deepslate_diamond_ore":9,"minecraft:dark_oak_log":17,"minecraft:obsidian":13,"minecraft:granite":64,"minecraft:acacia_log":51,"minecraft:grass_block":47,"minecraft:crimson_roots":2,"minecraft:crimson_fungus":3,"tacz:gun_smith_table":1,"minecraft:sandstone":1,"minecraft:spawner":1,"minecraft:crimson_stem":55,"minecraft:tall_seagrass":1,"minecraft:weeping_vines_plant":1,"minecraft:redstone_ore":2,"minecraft:magma_block":2,"minecraft:furnace":2,"minecraft:iron_ore":130,"minecraft:fire":14,"minecraft:cobbled_deepslate":27,"minecraft:chiseled_sandstone":1,"minecraft:andesite":38,"minecraft:deepslate_iron_ore":26,"minecraft:crimson_door":8,"death_angels:death_angel_mushroom":5,"minecraft:stone":463,"minecraft:deepslate_redstone_ore":13,"minecraft:cut_sandstone":1,"minecraft:acacia_leaves":3,"minecraft:blackstone":6,"minecraft:kelp_plant":1,"minecraft:crimson_nylium":2,"minecraft:crafting_table":7,"minecraft:torch":5,"minecraft:nether_quartz_ore":46,"minecraft:copper_ore":46,"minecraft:tall_grass":3,"minecraft:cobblestone":41,"minecraft:deepslate_gold_ore":11,"minecraft:lapis_ore":3,"minecraft:oak_planks":4,"minecraft:sugar_cane":5,"minecraft:wall_torch":27,"minecraft:diorite":76,"minecraft:seagrass":1,"minecraft:nether_wart_block":7,"minecraft:wheat":1,"minecraft:grass":22,"minecraft:coal_ore":116,"minecraft:oak_log":6,"minecraft:mycelium":1,"minecraft:gravel":15,"minecraft:dirt":16,"minecraft:sand":33,"minecraft:crimson_planks":4,"minecraft:netherrack":39,"minecraft:gold_ore":9,"minecraft:deepslate":498,"minecraft:oak_leaves":7},"minecraft:killed_by":{"minecraft:player":2,"death_angels:death_angel":1},"minecraft:custom":{"minecraft:mob_kills":87,"minecraft:interact_with_crafting_table":71,"minecraft:leave_game":18,"minecraft:time_since_death":756,"minecraft:climb_one_cm":1459,"minecraft:sprint_one_cm":273000,"minecraft:damage_blocked_by_shield":810,"minecraft:walk_one_cm":431269,"minecraft:drop":71,"minecraft:play_time":639423,"minecraft:sneak_time":213521,"minecraft:deaths":10,"minecraft:walk_under_water_one_cm":201163,"minecraft:boat_one_cm":959106,"minecraft:jump":4165,"minecraft:walk_on_water_one_cm":272648,"minecraft:total_world_time":639423,"minecraft:interact_with_furnace":157,"minecraft:sleep_in_bed":11,"minecraft:time_since_rest":344,"minecraft:damage_taken":7998,"tombstone:sneak_grave":1,"minecraft:damage_dealt":7331,"minecraft:player_kills":1,"minecraft:swim_one_cm":599554,"minecraft:fly_one_cm":293294,"minecraft:open_chest":69,"minecraft:crouch_one_cm":653468,"tombstone:undead_killed":27,"minecraft:fall_one_cm":87549},"minecraft:crafted":{"minecraft:oak_door":3,"minecraft:oak_planks":56,"minecraft:stone_shovel":2,"minecraft:iron_nugget":18,"minecraft:cooked_chicken":3,"minecraft:furnace":6,"minecraft:cooked_mutton":6,"minecraft:flint_and_steel":1,"minecraft:diamond_leggings":1,"minecraft:iron_boots":1,"minecraft:iron_axe":1,"minecraft:iron_hoe":1,"minecraft:stone_pickaxe":6,"minecraft:chest":2,"minecraft:dark_oak_planks":60,"death_angels:head_gear":1,"minecraft:golden_boots":2,"minecraft:cooked_beef":2,"paraglider:paraglider":1,"minecraft:crimson_planks":124,"minecraft:cooked_porkchop":17,"minecraft:crafting_table":11,"minecraft:iron_helmet":2,"minecraft:wooden_pickaxe":1,"tacz:gun_smith_table":1,"minecraft:cooked_salmon":1,"minecraft:copper_ingot":127,"minecraft:bucket":1,"minecraft:stone_axe":2,"minecraft:bread":14,"minecraft:acacia_boat":3,"minecraft:air":0,"minecraft:iron_chestplate":2,"minecraft:diamond_pickaxe":2,"minecraft:shield":1,"minecraft:stick":64,"minecraft:iron_ingot":133,"minecraft:iron_pickaxe":2,"minecraft:iron_block":1,"minecraft:iron_leggings":1,"minecraft:acacia_door":6,"minecraft:gold_ingot":56,"minecraft:crimson_door":6,"minecraft:white_bed":1,"minecraft:note_block":1,"minecraft:acacia_planks":140,"minecraft:torch":84},"minecraft:dropped":{"minecraft:iron_sword":1,"minecraft:moss_block":1,"minecraft:wheat_seeds":31,"minecraft:golden_horse_armor":1,"minecraft:cobblestone":204,"minecraft:granite":58,"minecraft:copper_ingot":18,"minecraft:stick":1,"minecraft:dirt":3,"minecraft:gray_wool":1,"minecraft:diorite":5,"minecraft:nether_wart_block":4,"minecraft:crimson_roots":2,"tombstone:grave_dust":2,"minecraft:iron_leggings":1,"minecraft:string":3,"minecraft:dark_oak_planks":1,"minecraft:redstone":17,"minecraft:bone":6,"minecraft:gravel":8,"minecraft:stone_axe":1,"minecraft:blackstone":4,"minecraft:blaze_rod":1,"minecraft:cobbled_deepslate":152,"minecraft:tuff":16,"tombstone:gift":4,"minecraft:stone_shovel":2,"minecraft:rotten_flesh":12,"minecraft:oak_planks":1,"minecraft:white_bed":1,"minecraft:andesite":137,"minecraft:golden_leggings":2,"minecraft:golden_sword":1,"minecraft:spider_eye":1,"minecraft:arrow":6,"death_angels:head_gear":1,"minecraft:wooden_pickaxe":1,"minecraft:stone_pickaxe":1,"tacz:attachment":1},"minecraft:used":{"minecraft:flint_and_steel":5,"minecraft:stone_shovel":107,"minecraft:chest":2,"tacz:gun_smith_table":2,"minecraft:shield":26,"minecraft:cooked_salmon":1,"minecraft:cooked_chicken":3,"minecraft:rotten_flesh":1,"minecraft:netherrack":30,"minecraft:oak_door":3,"minecraft:torch":108,"minecraft:dirt":68,"minecraft:granite":26,"minecraft:obsidian":11,"minecraft:dark_oak_planks":31,"minecraft:iron_hoe":64,"minecraft:iron_axe":126,"minecraft:iron_helmet":1,"minecraft:iron_boots":1,"minecraft:crimson_planks":67,"minecraft:furnace":8,"minecraft:cooked_mutton":14,"minecraft:water_bucket":11,"minecraft:diorite":44,"minecraft:cooked_beef":9,"minecraft:acacia_boat":12,"minecraft:cobbled_deepslate":232,"minecraft:iron_leggings":1,"minecraft:wheat_seeds":4,"minecraft:oak_planks":6,"minecraft:stone_pickaxe":444,"minecraft:wooden_pickaxe":22,"minecraft:jungle_boat":4,"minecraft:sand":16,"minecraft:crafting_table":17,"minecraft:white_bed":4,"tombstone:tablet_of_home":1,"minecraft:cod":2,"minecraft:diamond_pickaxe":915,"minecraft:acacia_door":5,"minecraft:iron_pickaxe":379,"minecraft:bread":14,"tombstone:magic_scroll":1,"minecraft:gravel":3,"minecraft:stone_axe":170,"minecraft:crimson_nylium":1,"minecraft:cobblestone":230,"minecraft:cooked_porkchop":26,"minecraft:crimson_door":13,"minecraft:bucket":12},"minecraft:picked_up":{"minecraft:crafting_table":7,"minecraft:chicken":3,"minecraft:gold_block":4,"minecraft:crimson_planks":4,"minecraft:golden_sword":1,"minecraft:string":3,"minecraft:raw_copper":229,"minecraft:acacia_door":1,"tacz:ammo":417,"minecraft:blackstone":6,"minecraft:cobbled_deepslate":496,"minecraft:beef":3,"minecraft:sugar_cane":8,"minecraft:furnace":2,"minecraft:stick":1,"minecraft:raw_iron":149,"minecraft:oak_door":1,"minecraft:copper_ingot":16,"minecraft:torch":36,"minecraft:acacia_log":45,"minecraft:porkchop":22,"tacz:attachment":2,"tombstone:grave_dust":4,"minecraft:diorite":67,"minecraft:redstone":65,"death_angels:head_gear":1,"minecraft:dark_oak_planks":1,"minecraft:arrow":14,"minecraft:weeping_vines":1,"minecraft:rotten_flesh":29,"minecraft:blaze_rod":2,"minecraft:obsidian":13,"minecraft:mutton":16,"minecraft:cod":2,"minecraft:white_wool":7,"minecraft:cobblestone":501,"minecraft:magma_block":1,"minecraft:jungle_boat":4,"minecraft:feather":4,"minecraft:cooked_beef":7,"minecraft:salmon":13,"minecraft:crimson_stem":53,"minecraft:andesite":139,"minecraft:cut_sandstone":1,"minecraft:leather":18,"minecraft:golden_leggings":2,"minecraft:flint":1,"minecraft:crimson_fungus":3,"minecraft:tuff":16,"minecraft:oak_log":14,"minecraft:nether_wart_block":7,"minecraft:gunpowder":28,"minecraft:acacia_boat":12,"minecraft:lapis_lazuli":22,"minecraft:dirt":83,"minecraft:cooked_mutton":8,"minecraft:bone":17,"minecraft:kelp":2,"minecraft:wheat_seeds":5,"minecraft:raw_gold":20,"minecraft:iron_ingot":7,"tacz:gun_smith_table":1,"minecraft:iron_sword":1,"minecraft:oak_planks":4,"minecraft:acacia_sapling":2,"minecraft:cooked_porkchop":9,"minecraft:quartz":37,"minecraft:gravel":11,"minecraft:sand":32,"sophisticatedbackpacks:iron_backpack":1,"minecraft:white_bed":2,"minecraft:crimson_door":8,"minecraft:dark_oak_log":15,"minecraft:chiseled_sandstone":1,"minecraft:spider_eye":1,"minecraft:diamond":15,"tacz:modern_kinetic_gun":4,"minecraft:granite":86,"minecraft:bone_meal":1,"minecraft:gray_wool":1,"minecraft:golden_horse_armor":1,"tombstone:magic_scroll":2,"minecraft:netherrack":32,"minecraft:black_wool":1,"minecraft:crimson_nylium":1,"minecraft:coal":101,"minecraft:crimson_roots":4,"minecraft:ender_pearl":1,"minecraft:diamond_pickaxe":1},"minecraft:broken":{"minecraft:stone_pickaxe":2,"minecraft:iron_pickaxe":1,"minecraft:iron_helmet":1}},"DataVersion":3465}