{"stats":{"minecraft:picked_up":{"minecraft:torch":1,"minecraft:string":4,"minecraft:dirt":2},"minecraft:mined":{"minecraft:grass":1,"minecraft:grass_block":1,"minecraft:oak_leaves":1},"minecraft:dropped":{"minecraft:dirt":1,"minecraft:string":2},"minecraft:killed_by":{"minecraft:skeleton":1},"minecraft:used":{"horror_element_mod:human_remains":2,"knightquest:silver_helmet":6,"minecraft:diamond_boots":1,"knightquest:silver_leggings":3,"graveyard:creeper_skeleton":2,"minecraft:ladder":8,"horror_element_mod:hazzmat_head":1,"knightquest:silver_boots":1,"horror_element_mod:beheaded_body":1,"minecraft:stone_bricks":12,"knightquest:apple_helmet":6,"minecraft:diamond_chestplate":1,"graveyard:leaning_wither_skeleton":4,"horror_element_mod:blood_10":9,"minecraft:torch":59,"horror_element_mod:hazzmat_body":3,"minecraft:reinforced_deepslate":52,"minecraft:dirt":12,"horror_element_mod:impaled_skeleton":2,"horror_element_mod:spider_head":1,"minecraft:purple_bed":1,"minecraft:campfire":1,"knightquest:apple_chestplate":2,"minecraft:diamond_helmet":1,"minecraft:sponge":23,"horror_element_mod:marine_body":2,"ageofweapons:cleaver_iron":1,"horror_element_mod:hospital_bed":5,"knightquest:apple_leggings":3,"minecraft:diamond_leggings":1,"knightquest:silver_chestplate":2},"minecraft:custom":{"minecraft:time_since_rest":28984,"minecraft:sprint_one_cm":46838,"minecraft:damage_taken":460,"minecraft:walk_one_cm":65310,"minecraft:mob_kills":2,"minecraft:drop":3,"minecraft:damage_dealt":550,"minecraft:swim_one_cm":9018,"minecraft:fly_one_cm":216186,"minecraft:open_chest":1,"minecraft:crouch_one_cm":618,"minecraft:play_time":68035,"minecraft:deaths":2,"minecraft:sneak_time":831,"minecraft:walk_under_water_one_cm":4765,"minecraft:jump":260,"minecraft:leave_game":6,"minecraft:walk_on_water_one_cm":5537,"minecraft:time_since_death":29456,"minecraft:total_world_time":68035,"minecraft:climb_one_cm":11587,"minecraft:fall_one_cm":4186}},"DataVersion":3465}