{"stats":{"minecraft:dropped":{"minecraft:rotten_flesh":2,"minecraft:slime_ball":1,"minecraft:sand":2},"minecraft:mined":{"minecraft:sand":3},"minecraft:used":{"minecraft:sand":1},"minecraft:custom":{"minecraft:jump":65,"minecraft:time_since_rest":2710,"minecraft:damage_dealt":3,"minecraft:damage_taken":195,"minecraft:leave_game":2,"minecraft:play_time":15598,"minecraft:sprint_one_cm":11081,"minecraft:time_since_death":5109,"minecraft:walk_one_cm":8823,"minecraft:deaths":1,"minecraft:sneak_time":22,"minecraft:total_world_time":15598,"minecraft:drop":3,"minecraft:fall_one_cm":209,"minecraft:fly_one_cm":21597},"minecraft:killed_by":{"minecraft:skeleton":1},"minecraft:picked_up":{"minecraft:sand":3,"minecraft:slime_ball":1,"minecraft:rotten_flesh":2}},"DataVersion":3465}