{"stats":{"minecraft:custom":{"minecraft:interact_with_furnace":7,"minecraft:mob_kills":15,"minecraft:interact_with_crafting_table":10,"minecraft:damage_dealt_resisted":3,"minecraft:leave_game":8,"minecraft:time_since_death":2268,"minecraft:climb_one_cm":45778,"minecraft:time_since_rest":2160,"minecraft:sprint_one_cm":168973,"minecraft:damage_taken":1319,"minecraft:walk_one_cm":204749,"minecraft:drop":11,"minecraft:damage_dealt":1250,"minecraft:swim_one_cm":48145,"minecraft:fly_one_cm":752634,"minecraft:open_chest":3,"minecraft:crouch_one_cm":14547,"minecraft:deaths":7,"minecraft:play_time":170871,"tombstone:undead_killed":2,"minecraft:sneak_time":11854,"minecraft:walk_under_water_one_cm":17184,"minecraft:jump":1013,"minecraft:walk_on_water_one_cm":15326,"minecraft:total_world_time":170871,"minecraft:fall_one_cm":13463},"minecraft:killed_by":{"minecraft:skeleton":2,"minecraft:drowned":3},"minecraft:crafted":{"minecraft:oak_planks":52,"minecraft:cooked_porkchop":2,"minecraft:crafting_table":2,"minecraft:wooden_pickaxe":1,"minecraft:furnace":2,"minecraft:bucket":1,"minecraft:stone_axe":1,"minecraft:cooked_mutton":1,"minecraft:air":0,"minecraft:charcoal":2,"minecraft:iron_hoe":1,"minecraft:stick":28,"minecraft:stone_sword":2,"minecraft:stone_pickaxe":1,"minecraft:wooden_axe":1,"minecraft:torch":16},"minecraft:mined":{"minecraft:crafting_table":1,"minecraft:acacia_log":2,"minecraft:grass_block":16,"minecraft:cobblestone":22,"minecraft:diorite":4,"minecraft:purple_bed":8,"minecraft:iron_ore":1,"horror_element_mod:dead_cow":1,"minecraft:coal_ore":12,"minecraft:grass":8,"minecraft:oak_log":13,"minecraft:dirt":11,"minecraft:stone":75,"minecraft:oak_leaves":4},"minecraft:killed":{"minecraft:pig":1,"the_flesh_that_hates:flesh_human":1,"minecraft:spider":1,"the_flesh_that_hates:plaqueincubatorstart":1,"minecraft:sheep":1,"minecraft:skeleton":1,"minecraft:drowned":1,"the_flesh_that_hates:plaquecontaminator":2,"minecraft:cow":1},"minecraft:picked_up":{"minecraft:crafting_table":2,"minecraft:iron_door":1,"minecraft:oak_log":13,"minecraft:gunpowder":4,"minecraft:dirt":52,"minecraft:string":12,"minecraft:raw_copper":4,"the_flesh_that_hates:piece_of_flesh":1,"minecraft:bone":9,"minecraft:wheat_seeds":1,"tombstone:bag_of_seeds":1,"minecraft:poppy":2,"minecraft:egg":1,"minecraft:torch":2,"minecraft:acacia_log":2,"minecraft:porkchop":2,"minecraft:diorite":4,"minecraft:arrow":6,"minecraft:rotten_flesh":6,"minecraft:stone_pressure_plate":1,"minecraft:purple_bed":8,"knightquest:small_essence":3,"gamma_beasts:coal_nugget":5,"minecraft:coal":12,"minecraft:mutton":1,"minecraft:white_wool":1,"minecraft:cobblestone":98},"minecraft:dropped":{"minecraft:wheat_seeds":1,"minecraft:coal":5,"minecraft:poppy":2,"minecraft:dirt":1,"minecraft:wooden_axe":1,"minecraft:iron_door":1,"minecraft:stone_pressure_plate":1,"minecraft:wooden_pickaxe":1,"minecraft:string":2},"minecraft:used":{"minecraft:cooked_mutton":1,"horror_element_mod:redlantern":8,"minecraft:water_bucket":2,"knightquest:silver_helmet":6,"minecraft:diorite":4,"minecraft:stone_sword":13,"minecraft:diamond_boots":1,"knightquest:silver_leggings":3,"graveyard:creeper_skeleton":2,"minecraft:stone_pickaxe":83,"minecraft:ladder":8,"knightquest:silver_boots":1,"minecraft:iron_golem_spawn_egg":3,"minecraft:wooden_pickaxe":17,"minecraft:stone":1,"minetraps:razor_wire":4,"horror_element_mod:beheaded_body":3,"knightquest:apple_helmet":6,"minecraft:torch":111,"minecraft:dirt":26,"horror_element_mod:spider_head":1,"minecraft:crafting_table":4,"minecraft:diamond_helmet":1,"minecraft:campfire":1,"minecraft:sponge":23,"horror_element_mod:hospital_bed":5,"knightquest:apple_leggings":3,"knightquest:silver_chestplate":2,"tombstone:bag_of_seeds":1,"minecraft:wooden_axe":14,"horror_element_mod:human_remains":2,"minecraft:villager_spawn_egg":5,"minecraft:grass_block":2,"minecraft:iron_pickaxe":16,"horror_element_mod:hazzmat_head":1,"minecraft:stone_axe":8,"minecraft:iron_door":4,"the_flesh_that_hates:flesh_human_spawn_egg":1,"minecraft:stone_bricks":12,"horror_element_mod:blood_10":14,"minetraps:obstacle":49,"minecraft:diamond_chestplate":1,"minecraft:reinforced_deepslate":158,"graveyard:leaning_wither_skeleton":4,"horror_element_mod:impaled_skeleton":2,"horror_element_mod:hazzmat_body":3,"minecraft:cobblestone":104,"minecraft:purple_bed":9,"minecraft:furnace":2,"minecraft:goat_horn":1,"minecraft:cooked_porkchop":2,"minecraft:bucket":2,"tombstone:gift":2,"knightquest:apple_chestplate":2,"minecraft:egg":1,"minecraft:polished_blackstone_button":4,"horror_element_mod:marine_body":2,"minecraft:brush":2,"ageofweapons:cleaver_iron":1,"minetraps:barbed_wire_fence":59,"minecraft:smooth_stone":3,"minecraft:diamond_leggings":1}},"DataVersion":3465}