{"stats":{"minecraft:picked_up":{"minecraft:raw_iron":2,"minecraft:crafting_table":3,"minecraft:crimson_stem":21,"minecraft:andesite":17,"minecraft:torch":18,"minecraft:sand":4,"minecraft:crimson_planks":1,"tombstone:grave_dust":1,"minecraft:diorite":15,"minecraft:nether_wart_block":2,"minecraft:dirt":16,"minecraft:raw_copper":20,"minecraft:kelp":1,"minecraft:cobbled_deepslate":154,"minecraft:granite":56,"minecraft:cobblestone":254},"minecraft:killed_by":{"minecraft:player":1},"minecraft:custom":{"minecraft:time_since_rest":105074,"minecraft:sprint_one_cm":431,"minecraft:damage_taken":302,"minecraft:walk_one_cm":18973,"minecraft:drop":8,"minecraft:damage_dealt":50,"minecraft:swim_one_cm":7300,"minecraft:interact_with_crafting_table":8,"minecraft:fly_one_cm":156,"minecraft:open_chest":5,"minecraft:crouch_one_cm":175305,"minecraft:play_time":119975,"minecraft:deaths":1,"minecraft:sneak_time":97567,"minecraft:walk_under_water_one_cm":12698,"minecraft:jump":361,"minecraft:leave_game":3,"minecraft:walk_on_water_one_cm":51271,"minecraft:time_since_death":108653,"minecraft:sleep_in_bed":3,"minecraft:climb_one_cm":1040,"minecraft:total_world_time":119975,"minecraft:fall_one_cm":11840},"minecraft:crafted":{"minecraft:crimson_planks":84,"minecraft:crafting_table":1,"minecraft:stick":24,"minecraft:wooden_pickaxe":1,"minecraft:stone_pickaxe":6,"minecraft:chest":1,"minecraft:stone_axe":1},"minecraft:mined":{"minecraft:nether_wart_block":2,"minecraft:iron_ore":1,"minecraft:cobbled_deepslate":8,"minecraft:andesite":24,"minecraft:jungle_leaves":1,"minecraft:torch":12,"minecraft:crafting_table":3,"minecraft:granite":57,"minecraft:deepslate_iron_ore":1,"minecraft:dirt":16,"minecraft:sand":4,"minecraft:crimson_planks":1,"minecraft:copper_ore":6,"minecraft:cobblestone":8,"minecraft:stone":301,"minecraft:kelp":1,"minecraft:diorite":30,"minecraft:deepslate":155,"minecraft:wall_torch":5,"minecraft:crimson_stem":21},"minecraft:broken":{"minecraft:stone_pickaxe":4,"minecraft:wooden_pickaxe":1},"minecraft:used":{"minecraft:diorite":12,"minecraft:stone_pickaxe":544,"minecraft:chest":1,"minecraft:wooden_pickaxe":59,"minecraft:crimson_planks":1,"minecraft:iron_chestplate":1,"minecraft:stone_axe":20,"minecraft:torch":16,"minecraft:nether_wart_block":2,"minecraft:sand":4,"minecraft:cobblestone":44,"minecraft:crafting_table":3,"minecraft:andesite":14,"tombstone:gift":1,"minecraft:cobbled_deepslate":14,"minecraft:granite":1},"minecraft:dropped":{"minecraft:diorite":3,"minecraft:cobbled_deepslate":1,"minecraft:andesite":3,"tombstone:grave_dust":1}},"DataVersion":3465}