{"stats":{"minecraft:picked_up":{"minecraft:crafting_table":7,"minecraft:wheat":16,"minecraft:nether_brick_fence":24,"minecraft:gold_block":1,"minecraft:golden_sword":2,"minecraft:acacia_door":12,"minecraft:raw_copper":32,"tacz:ammo":457,"minecraft:blackstone":2,"minecraft:gold_nugget":166,"minecraft:cobbled_deepslate":64,"minecraft:beef":5,"minecraft:sugar_cane":6,"minecraft:furnace":5,"minecraft:stick":7,"minecraft:raw_iron":96,"minecraft:jungle_door":5,"minecraft:copper_ingot":26,"minecraft:torch":2,"minecraft:acacia_log":28,"minecraft:polished_blackstone_bricks":3,"minecraft:porkchop":30,"minecraft:golden_axe":1,"tacz:attachment":4,"tombstone:grave_dust":5,"minecraft:diorite":8,"minecraft:redstone":17,"minecraft:golden_chestplate":1,"minecraft:arrow":21,"minecraft:rotten_flesh":18,"minecraft:nether_bricks":18,"minecraft:gold_ingot":64,"sophisticatedbackpacks:copper_backpack":1,"paraglider:horned_statue":2,"minecraft:blaze_rod":30,"minecraft:bone_block":12,"minecraft:mutton":8,"minecraft:cod":6,"minecraft:white_wool":2,"minecraft:cobblestone":211,"minecraft:jungle_boat":1,"minecraft:crimson_stem":20,"minecraft:andesite":35,"minecraft:jungle_log":8,"minecraft:black_bed":1,"minecraft:leather":14,"minecraft:golden_leggings":2,"minecraft:flint":2,"minecraft:oak_log":5,"minecraft:gunpowder":8,"minecraft:acacia_boat":7,"minecraft:lapis_lazuli":47,"minecraft:dirt":56,"minecraft:cooked_mutton":6,"minecraft:bone":23,"minecraft:apple":1,"minecraft:kelp":37,"minecraft:bow":3,"minecraft:wheat_seeds":41,"minecraft:stone_pickaxe":1,"minecraft:glowstone_dust":55,"tacz:gun_smith_table":1,"minecraft:iron_sword":1,"minecraft:oak_planks":1,"minecraft:acacia_sapling":3,"minecraft:ghast_tear":1,"minecraft:pumpkin":1,"minecraft:quartz":27,"minecraft:gravel":9,"minecraft:sand":1,"sophisticatedbackpacks:iron_backpack":2,"minecraft:crimson_door":6,"minecraft:white_bed":5,"minecraft:diamond_shovel":1,"minecraft:bundle":2,"minecraft:diamond":10,"tacz:modern_kinetic_gun":5,"minecraft:granite":17,"tombstone:magic_scroll":2,"minecraft:oak_sapling":2,"minecraft:netherrack":890,"minecraft:black_wool":1,"minecraft:coal":61,"minecraft:crimson_roots":2,"minecraft:ender_pearl":1},"minecraft:custom":{"minecraft:mob_kills":208,"minecraft:interact_with_crafting_table":63,"minecraft:damage_dealt_resisted":866,"minecraft:leave_game":9,"minecraft:time_since_death":977341,"minecraft:climb_one_cm":602,"minecraft:sprint_one_cm":472941,"minecraft:walk_one_cm":743276,"minecraft:drop":93,"minecraft:damage_dealt_absorbed":320,"minecraft:play_time":1056960,"minecraft:sneak_time":91828,"minecraft:deaths":2,"minecraft:walk_under_water_one_cm":113173,"minecraft:boat_one_cm":1176461,"minecraft:jump":4797,"minecraft:walk_on_water_one_cm":77982,"minecraft:total_world_time":1105064,"minecraft:interact_with_furnace":160,"tombstone:raider_killed":1,"minecraft:sleep_in_bed":15,"minecraft:time_since_rest":354001,"minecraft:damage_taken":5481,"minecraft:damage_dealt":3781,"minecraft:player_kills":2,"minecraft:swim_one_cm":396825,"minecraft:fly_one_cm":1157701,"minecraft:open_chest":68,"minecraft:crouch_one_cm":293400,"tombstone:undead_killed":60,"minecraft:fall_one_cm":107776},"minecraft:crafted":{"minecraft:oak_planks":8,"minecraft:iron_nugget":90,"minecraft:furnace":2,"minecraft:cooked_mutton":11,"minecraft:diamond_leggings":1,"minecraft:diamond_helmet":1,"minecraft:bow":1,"minecraft:iron_boots":1,"minecraft:iron_axe":1,"minecraft:iron_hoe":1,"minecraft:stone_pickaxe":2,"minecraft:chest":2,"minecraft:dried_kelp_block":1,"death_angels:head_gear":1,"minecraft:golden_boots":1,"minecraft:cooked_beef":1,"minecraft:cooked_porkchop":5,"minecraft:crafting_table":5,"minecraft:jungle_boat":1,"minecraft:dried_kelp":31,"minecraft:wooden_pickaxe":2,"minecraft:iron_helmet":1,"minecraft:iron_sword":1,"minecraft:copper_ingot":109,"sophisticatedbackpacks:gold_backpack":1,"minecraft:bucket":1,"minecraft:stone_axe":2,"minecraft:acacia_boat":5,"minecraft:air":0,"minecraft:jungle_planks":32,"minecraft:jungle_door":3,"minecraft:iron_chestplate":1,"minecraft:shield":1,"minecraft:stick":44,"minecraft:iron_ingot":296,"minecraft:iron_pickaxe":4,"minecraft:acacia_door":3,"minecraft:stone_sword":2,"minecraft:iron_shovel":1,"minecraft:iron_leggings":1,"minecraft:black_bed":1,"minecraft:white_bed":1,"minecraft:note_block":1,"minecraft:acacia_planks":112,"minecraft:torch":68,"minecraft:diamond_chestplate":1},"minecraft:mined":{"minecraft:nether_gold_ore":37,"minecraft:white_bed":3,"minecraft:deepslate_diamond_ore":7,"minecraft:nether_bricks":23,"minecraft:granite":9,"minecraft:acacia_log":23,"minecraft:grass_block":42,"minecraft:jungle_log":8,"minecraft:weeping_vines":1,"minecraft:kelp":5,"tacz:gun_smith_table":1,"minecraft:crimson_stem":20,"minecraft:polished_blackstone_bricks":3,"minecraft:tall_seagrass":1,"minecraft:glowstone":18,"minecraft:furnace":5,"minecraft:fire":15,"minecraft:iron_ore":52,"minecraft:cobbled_deepslate":22,"minecraft:deepslate_lapis_ore":3,"minecraft:gold_block":1,"minecraft:nether_brick_fence":24,"minecraft:deepslate_iron_ore":6,"minecraft:vine":4,"minecraft:crimson_door":6,"minecraft:stone":105,"minecraft:bone_block":12,"minecraft:acacia_leaves":6,"minecraft:jungle_door":5,"minecraft:blackstone":2,"minecraft:kelp_plant":4,"minecraft:crimson_nylium":25,"minecraft:soul_fire":1,"minecraft:crafting_table":7,"minecraft:torch":1,"minecraft:chest":1,"minecraft:nether_quartz_ore":20,"minecraft:copper_ore":5,"minecraft:cobblestone":35,"minecraft:lapis_ore":3,"minecraft:sugar_cane":4,"minecraft:oak_planks":1,"minecraft:diorite":5,"paraglider:horned_statue":2,"minecraft:wheat":17,"minecraft:black_bed":1,"minecraft:grass":10,"minecraft:oak_log":5,"minecraft:coal_ore":58,"minecraft:acacia_door":12,"minecraft:sand":4,"minecraft:dirt":16,"minecraft:netherrack":895,"minecraft:oak_leaves":9,"minecraft:deepslate":19},"minecraft:killed":{"minecraft:zombified_piglin":1,"minecraft:spider":5,"minecraft:phantom":1,"minecraft:skeleton":38,"minecraft:drowned":3,"minecraft:piglin_brute":10,"death_angels:death_angel_baby":2,"minecraft:piglin":17,"death_angels:death_angel":5,"minecraft:bat":1,"minecraft:hoglin":12,"minecraft:creeper":14,"minecraft:sheep":3,"minecraft:zombie":17,"minecraft:ghast":4,"death_angels:death_angel_queen":8,"minecraft:blaze":59,"minecraft:enderman":6},"minecraft:broken":{"minecraft:iron_pickaxe":4},"minecraft:used":{"minecraft:stone_sword":6,"minecraft:enchanting_table":1,"minecraft:iron_shovel":35,"death_angels:meteor_spawner":4,"minecraft:dried_kelp":10,"minecraft:chest":2,"tacz:gun_smith_table":1,"minecraft:iron_sword":23,"minecraft:rotten_flesh":2,"minecraft:netherrack":524,"minecraft:iron_chestplate":1,"minecraft:torch":34,"paraglider:goddess_statue":1,"minecraft:dirt":34,"minecraft:jungle_planks":1,"minecraft:nether_bricks":12,"minecraft:acacia_sapling":3,"minecraft:granite":9,"paraglider:horned_statue":1,"minecraft:iron_hoe":2,"minecraft:iron_axe":87,"minecraft:acacia_slab":1,"minecraft:iron_helmet":1,"minecraft:iron_boots":1,"minecraft:oak_sapling":2,"minecraft:furnace":7,"tombstone:gift":2,"minecraft:acacia_planks":10,"minecraft:cooked_beef":50,"minecraft:cobbled_deepslate":51,"minecraft:iron_leggings":1,"minecraft:cooked_mutton":3,"minecraft:wheat_seeds":30,"minecraft:acacia_boat":11,"minecraft:water_bucket":18,"minecraft:diorite":7,"minecraft:iron_ore":27,"minecraft:bundle":1,"minecraft:stone_pickaxe":138,"death_angels:ground_stick":138,"minecraft:wooden_pickaxe":10,"death_angels:death_angel_queen_spawn_egg":6,"minecraft:sugar_cane":5,"minecraft:jungle_boat":2,"minecraft:oak_slab":2,"minecraft:crafting_table":10,"tombstone:tablet_of_home":1,"minecraft:acacia_leaves":1,"minecraft:white_bed":7,"minecraft:cod":1,"minecraft:black_bed":1,"minecraft:diamond_pickaxe":253,"minecraft:acacia_door":12,"minecraft:iron_pickaxe":1000,"minecraft:gravel":9,"minecraft:crimson_nylium":6,"minecraft:stone_axe":9,"minecraft:cobblestone":214,"minecraft:crimson_door":6,"minecraft:jungle_door":7,"minecraft:andesite":1,"minecraft:bucket":19,"minecraft:bone_meal":5},"minecraft:dropped":{"sophisticatedbackpacks:iron_backpack":1,"minecraft:iron_ingot":7,"minecraft:iron_sword":2,"minecraft:porkchop":3,"minecraft:wheat_seeds":1,"minecraft:cooked_beef":7,"minecraft:oak_log":8,"minecraft:golden_pickaxe":1,"minecraft:golden_horse_armor":1,"minecraft:cooked_porkchop":9,"minecraft:iron_helmet":1,"minecraft:golden_axe":1,"minecraft:cobblestone":13,"minecraft:black_bed":1,"minecraft:leather":11,"minecraft:granite":8,"minecraft:copper_ingot":24,"minecraft:cod":5,"minecraft:stick":3,"minecraft:gold_block":4,"minecraft:dirt":18,"minecraft:diorite":1,"tombstone:grave_key":1,"minecraft:crimson_roots":2,"minecraft:jungle_door":1,"tombstone:grave_dust":3,"minecraft:iron_leggings":1,"minecraft:gold_nugget":16,"minecraft:sand":1,"minecraft:bone":2,"minecraft:gold_ingot":64,"minecraft:blackstone":1,"minecraft:stone_axe":1,"minecraft:kelp":3,"minecraft:blaze_rod":1,"minecraft:golden_chestplate":1,"minecraft:stone_sword":1,"minecraft:cobbled_deepslate":15,"minecraft:raw_copper":32,"minecraft:rotten_flesh":2,"minecraft:diamond_shovel":1,"minecraft:cooked_mutton":14,"minecraft:nether_bricks":6,"minecraft:nether_brick_fence":24,"minecraft:white_bed":1,"minecraft:diamond_pickaxe":1,"minecraft:iron_chestplate":1,"minecraft:andesite":34,"minecraft:golden_leggings":4,"minecraft:acacia_sapling":1,"minecraft:golden_sword":2,"tacz:ammo":64,"minecraft:wooden_pickaxe":2,"minecraft:stone_pickaxe":2,"minecraft:bow":1,"minecraft:netherrack":2,"tacz:attachment":1}},"DataVersion":3465}