{"stats":{"minecraft:custom":{"minecraft:leave_game":46,"minecraft:time_since_death":2186197,"minecraft:damage_resisted":20,"minecraft:sprint_one_cm":5626444,"minecraft:drop":5443,"minecraft:play_time":4793712,"minecraft:deaths":1,"minecraft:jump":61744,"minecraft:walk_on_water_one_cm":240261,"minecraft:play_record":32,"minecraft:interact_with_cartography_table":1,"minecraft:interact_with_loom":1,"minecraft:damage_dealt":30,"minecraft:crouch_one_cm":722714,"minecraft:climb_one_cm":378950,"minecraft:walk_one_cm":2976217,"minecraft:sneak_time":298263,"minecraft:walk_under_water_one_cm":303121,"minecraft:interact_with_blast_furnace":4,"minecraft:total_world_time":4947819,"minecraft:time_since_rest":2186218,"minecraft:damage_taken":448,"minecraft:swim_one_cm":8755,"minecraft:fly_one_cm":51517880,"minecraft:open_chest":26,"minecraft:aviate_one_cm":13817601,"minecraft:fall_one_cm":567809},"minecraft:used":{"minecraft:music_disc_far":2,"minecraft:light_blue_stained_glass_pane":86,"minecraft:moss_carpet":74,"minecraft:smooth_quartz_slab":606,"minecraft:spruce_slab":2,"minecraft:poppy":1,"minecraft:bone_block":104,"minecraft:ladder":1871,"minecraft:oak_sign":28,"minecraft:axolotl_spawn_egg":1,"minecraft:chest":6,"minecraft:white_terracotta":1,"minecraft:stone":730,"minecraft:quartz_stairs":57,"minecraft:player_head":28,"minecraft:mossy_stone_brick_slab":1,"minecraft:smooth_sandstone_stairs":43,"minecraft:spruce_leaves":3,"minecraft:debug_stick":574,"minecraft:soul_sand":4,"minecraft:jungle_planks":10,"minecraft:nether_bricks":4,"minecraft:prismarine_brick_stairs":1,"minecraft:jungle_slab":329,"minecraft:furnace_minecart":1,"minecraft:music_disc_11":1,"minecraft:music_disc_13":1,"minecraft:obsidian":132,"minecraft:big_dripleaf":1,"minecraft:music_disc_relic":1,"minecraft:jungle_sapling":74,"minecraft:glass":441,"minecraft:packed_ice":11,"minecraft:cyan_terracotta":12,"minecraft:lava_bucket":23,"minecraft:coal_ore":59,"minecraft:quartz_pillar":300,"minecraft:lime_banner":9,"minecraft:music_disc_pigstep":10,"minecraft:red_wool":133,"minecraft:quartz_slab":99,"minecraft:black_stained_glass_pane":1,"minecraft:lantern":33,"minecraft:grass_block":2733,"minecraft:panda_spawn_egg":1,"minecraft:music_disc_ward":1,"minecraft:green_wool":122,"minecraft:quartz_block":717,"minecraft:music_disc_chirp":1,"minecraft:mossy_cobblestone_slab":1,"minecraft:music_disc_wait":2,"minecraft:stone_brick_stairs":25,"minecraft:stone_bricks":11,"minecraft:music_disc_stal":1,"minecraft:item_frame":31,"minecraft:spruce_hanging_sign":6,"minecraft:bedrock":34,"minecraft:birch_button":1,"minecraft:repeater":8,"minecraft:bow":1,"minecraft:snow":141,"minecraft:sweet_berries":39,"minecraft:scaffolding":13,"minecraft:gold_block":183,"minecraft:skeleton_skull":5,"minecraft:seagrass":75,"minecraft:dark_prismarine_stairs":40,"minecraft:large_fern":54,"minecraft:stripped_spruce_wood":5,"minecraft:zoglin_spawn_egg":2,"minecraft:light_blue_carpet":66,"minecraft:dark_oak_stairs":24,"minecraft:mossy_stone_bricks":1,"minecraft:end_rod":40,"minecraft:end_stone_bricks":18,"minecraft:wither_skeleton_skull":3,"minecraft:red_stained_glass":83,"minecraft:mangrove_planks":2,"minecraft:prismarine":31,"minecraft:jungle_fence":3,"minecraft:oak_planks":267,"minecraft:prismarine_stairs":1,"minecraft:cactus":2,"minecraft:mossy_stone_brick_stairs":1,"minecraft:sandstone":7,"minecraft:redstone_block":1,"minecraft:structure_void":186,"minecraft:sugar_cane":4,"minecraft:large_amethyst_bud":3,"minecraft:smooth_quartz_stairs":254,"minecraft:stripped_mangrove_wood":8,"minecraft:dark_oak_trapdoor":5,"minecraft:sand":1868,"minecraft:purpur_stairs":22,"minecraft:blast_furnace":14,"minecraft:yellow_concrete":229,"minecraft:blue_ice":431,"minecraft:sponge":295,"minecraft:chiseled_quartz_block":27,"minecraft:stone_brick_wall":1,"minecraft:end_stone":1311,"minecraft:redstone_torch":6,"minecraft:sticky_piston":1,"minecraft:black_concrete":21,"minecraft:firework_rocket":2967,"minecraft:gray_stained_glass_pane":144,"minecraft:light_gray_concrete":4,"minecraft:lime_carpet":2,"minecraft:music_disc_mall":2,"minecraft:verdant_froglight":20,"minecraft:brown_wool":70,"minecraft:brown_stained_glass":10,"minecraft:barrier":1581,"minecraft:stone_button":1,"minecraft:red_terracotta":60,"minecraft:diamond_ore":10,"minecraft:iron_door":6,"minecraft:prismarine_wall":183,"minecraft:gravel":40,"minecraft:lilac":49,"minecraft:polished_andesite_slab":558,"minecraft:magenta_stained_glass_pane":1,"minecraft:stripped_warped_hyphae":43,"minecraft:jungle_sign":6,"minecraft:stripped_oak_wood":3,"minecraft:medium_amethyst_bud":6,"minecraft:white_stained_glass":8,"minecraft:andesite":5,"minecraft:chain":209,"minecraft:mossy_cobblestone_wall":1,"minecraft:ice":1,"minecraft:smooth_stone_slab":494,"minecraft:chest_minecart":2,"minecraft:coarse_dirt":14,"minecraft:bone_meal":1307,"minecraft:cobweb":25,"minecraft:gray_stained_glass":246,"minecraft:oak_trapdoor":35,"minecraft:oak_fence":323,"minecraft:purpur_block":92,"minecraft:trident":8,"minecraft:jungle_leaves":966,"minecraft:polished_blackstone_brick_slab":4,"minecraft:rose_bush":41,"minecraft:iron_bars":18,"minecraft:music_disc_otherside":2,"minecraft:orange_concrete":326,"minecraft:flint_and_steel":39,"minecraft:dead_bush":5,"minecraft:armor_stand":13,"minecraft:redstone_ore":18,"minecraft:red_concrete":137,"minecraft:redstone":55,"minecraft:spruce_planks":42,"minecraft:tinted_glass":12,"minecraft:music_disc_5":2,"minecraft:stripped_birch_wood":38,"minecraft:sandstone_wall":20,"minecraft:dried_kelp_block":1,"minecraft:netherrack":499,"minecraft:oak_door":1,"minecraft:orange_stained_glass":27,"minecraft:torch":26,"minecraft:brewing_stand":2,"minecraft:dirt":157,"minecraft:warped_wart_block":1,"minecraft:anvil":1,"minecraft:nether_quartz_ore":1,"minecraft:prismarine_bricks":67,"minecraft:twisting_vines":32,"minecraft:spruce_stairs":53,"minecraft:cobblestone_wall":197,"minecraft:stone_stairs":448,"minecraft:jungle_trapdoor":144,"minecraft:spruce_fence":268,"minecraft:mossy_cobblestone_stairs":5,"minecraft:purple_stained_glass_pane":1,"minecraft:music_disc_mellohi":1,"minecraft:stone_brick_slab":23,"minecraft:sea_lantern":93,"minecraft:light_gray_stained_glass":256,"minecraft:yellow_stained_glass":35,"minecraft:rooted_dirt":2,"minecraft:slime_block":142,"minecraft:warped_fence":168,"minecraft:smooth_sandstone":1265,"minecraft:spawner":2,"minecraft:smooth_quartz":530,"minecraft:prismarine_slab":1,"minecraft:bamboo":224,"minecraft:light_gray_wool":78,"minecraft:glowstone":22,"minecraft:lime_concrete":155,"minecraft:black_stained_glass":2,"minecraft:iron_trapdoor":111,"minecraft:oxidized_copper":78,"minecraft:lime_stained_glass":241,"minecraft:goat_horn":20,"minecraft:white_stained_glass_pane":25,"minecraft:podzol":11,"minecraft:drowned_spawn_egg":7,"minecraft:minecart":2,"minecraft:acacia_wood":2,"minecraft:stone_pressure_plate":13,"minecraft:zombified_piglin_spawn_egg":4,"minecraft:mossy_stone_brick_wall":1,"minecraft:bamboo_planks":3,"minecraft:brown_bed":2,"minecraft:pointed_dripstone":44,"minecraft:quartz_bricks":110,"minecraft:yellow_banner":4,"minecraft:water_bucket":768,"minecraft:amethyst_block":2,"minecraft:iron_ore":15,"minecraft:cobblestone_stairs":103,"minecraft:dirt_path":15,"minecraft:snow_block":35,"minecraft:prismarine_brick_slab":1,"minecraft:dark_oak_hanging_sign":1,"minecraft:birch_planks":19,"minecraft:cyan_candle":8,"minecraft:polished_andesite":2,"minecraft:lime_wool":40,"minecraft:red_nether_bricks":3,"minecraft:cartography_table":1,"minecraft:andesite_slab":40,"minecraft:smooth_sandstone_slab":272,"minecraft:spruce_sign":39,"minecraft:white_dye":5,"minecraft:cobblestone_slab":96,"minecraft:fletching_table":6,"minecraft:stonecutter":1,"minecraft:glow_ink_sac":5,"minecraft:spruce_fence_gate":213,"minecraft:gold_ore":20,"minecraft:polished_blackstone_bricks":4,"minecraft:conduit":17,"minecraft:cracked_stone_bricks":2,"minecraft:jungle_wood":765,"minecraft:mossy_cobblestone":1,"minecraft:diamond_block":289,"minecraft:rail":36,"minecraft:vine":458,"minecraft:music_disc_cat":2,"minecraft:tnt":2,"minecraft:dark_prismarine_slab":1,"minecraft:crafting_table":1,"minecraft:bamboo_block":4,"minecraft:piglin_head":2,"minecraft:spruce_log":22,"minecraft:music_disc_strad":1,"minecraft:nether_gold_ore":3,"minecraft:small_amethyst_bud":7,"minecraft:amethyst_cluster":1,"minecraft:blue_stained_glass_pane":2,"minecraft:piston":4,"minecraft:dark_prismarine":642,"minecraft:light":121,"minecraft:warped_trapdoor":38,"minecraft:command_block":20,"minecraft:sunflower":2,"minecraft:oak_button":6,"minecraft:lapis_ore":1,"minecraft:jungle_stairs":221,"minecraft:cyan_concrete":2,"minecraft:stone_slab":498,"minecraft:purpur_slab":54,"minecraft:spruce_trapdoor":5,"minecraft:spruce_sapling":43,"minecraft:budding_amethyst":25,"minecraft:music_disc_blocks":2,"minecraft:chiseled_stone_bricks":1,"minecraft:green_carpet":7,"minecraft:cobblestone":77,"minecraft:end_crystal":53,"minecraft:orange_banner":4,"minecraft:cyan_stained_glass_pane":23,"minecraft:white_banner":21,"minecraft:warped_fence_gate":55,"minecraft:red_banner":13,"minecraft:andesite_stairs":41,"minecraft:bucket":5,"minecraft:sea_pickle":56,"minecraft:brush":35,"minecraft:husk_spawn_egg":9,"minecraft:kelp":174,"minecraft:dandelion":38,"minecraft:jukebox":16,"minecraft:sculk_vein":3,"minecraft:smooth_stone":1,"minecraft:candle":3,"minecraft:green_stained_glass":1},"minecraft:dropped":{"minecraft:spruce_sign":2,"minecraft:candle":1,"minecraft:diamond":39,"minecraft:elytra":1,"minecraft:emerald":71,"minecraft:packed_ice":1,"minecraft:gold_nugget":5301,"minecraft:chain":1,"minecraft:white_stained_glass_pane":1,"minecraft:jungle_sign":2,"minecraft:sand":1,"minecraft:verdant_froglight":1,"minecraft:goat_horn":1,"minecraft:diamond_block":1,"minecraft:polished_andesite_slab":64,"minecraft:iron_bars":1,"minecraft:prismarine_wall":1,"minecraft:firework_rocket":1,"minecraft:dark_prismarine_slab":1,"minecraft:oak_fence":1,"minecraft:barrier":1,"minecraft:jungle_wood":1,"minecraft:spruce_stairs":1,"minecraft:wooden_axe":1,"minecraft:stonecutter":1,"minecraft:dark_prismarine_stairs":1,"minecraft:orange_concrete":1,"minecraft:slime_block":1,"minecraft:spruce_planks":2,"minecraft:warped_fence":1,"minecraft:dark_prismarine":2},"minecraft:picked_up":{"minecraft:wooden_axe":1,"minecraft:redstone_block":1,"minecraft:oak_sign":1,"minecraft:spruce_planks":2,"minecraft:redstone_torch":1,"minecraft:stick":2,"minecraft:oak_fence":1,"minecraft:spruce_stairs":1,"minecraft:pointed_dripstone":1,"minecraft:warped_button":1,"minecraft:quartz_block":69,"minecraft:cactus":15,"minecraft:barrier":1,"minecraft:repeater":2,"minecraft:jungle_wood":1,"minecraft:twisting_vines":4,"minecraft:stonecutter":1,"minecraft:bamboo":10,"minecraft:structure_void":1,"minecraft:sand":1,"minecraft:diamond_block":1,"minecraft:dark_prismarine":1,"minecraft:dark_prismarine_slab":1,"minecraft:slime_block":1,"minecraft:spruce_sign":1,"minecraft:ladder":4,"minecraft:packed_ice":1,"minecraft:chain":1,"minecraft:elytra":1,"minecraft:orange_concrete":1,"minecraft:candle":1,"minecraft:dark_prismarine_stairs":1,"minecraft:sugar_cane":3,"minecraft:redstone":16,"minecraft:jungle_sign":2,"minecraft:rail":21,"minecraft:polished_andesite_slab":64,"minecraft:scaffolding":8,"minecraft:white_stained_glass_pane":1,"minecraft:sweet_berries":8,"minecraft:green_carpet":1,"minecraft:firework_rocket":1,"minecraft:light_blue_carpet":1,"minecraft:oak_button":1}},"DataVersion":3839}