{"stats":{"minecraft:killed":{"minecraft:panda":1,"minecraft:piglin":3,"minecraft:pig":4},"minecraft:custom":{"minecraft:mob_kills":8,"minecraft:interact_with_anvil":2,"minecraft:interact_with_crafting_table":2,"minecraft:leave_game":54,"minecraft:time_since_death":763952,"minecraft:climb_one_cm":210572,"minecraft:damage_resisted":10,"minecraft:sprint_one_cm":2549115,"minecraft:walk_one_cm":2426369,"minecraft:drop":694,"minecraft:play_time":3029477,"minecraft:deaths":7,"minecraft:sneak_time":250238,"minecraft:walk_under_water_one_cm":88387,"minecraft:jump":30409,"minecraft:walk_on_water_one_cm":165114,"minecraft:total_world_time":3402138,"minecraft:interact_with_furnace":7,"minecraft:interact_with_loom":1,"minecraft:time_since_rest":763952,"minecraft:damage_taken":410,"minecraft:damage_dealt":1049,"minecraft:swim_one_cm":5070,"minecraft:fly_one_cm":23894951,"minecraft:open_chest":10,"minecraft:crouch_one_cm":804929,"minecraft:aviate_one_cm":237595,"minecraft:fall_one_cm":115824},"minecraft:dropped":{"minecraft:diamond":199,"minecraft:coal":2,"minecraft:structure_void":1,"minecraft:emerald":125,"minecraft:chain":1,"minecraft:gold_nugget":363,"minecraft:slime_block":2,"minecraft:charcoal":1},"minecraft:used":{"minecraft:oak_fence":200,"minecraft:oak_trapdoor":48,"minecraft:purpur_block":162,"minecraft:trident":1,"minecraft:netherite_sword":17,"minecraft:jungle_leaves":1,"minecraft:red_sand":18,"minecraft:orange_concrete":132,"minecraft:flint_and_steel":6,"minecraft:smooth_quartz_slab":2,"minecraft:armor_stand":6,"minecraft:red_concrete":462,"minecraft:redstone":7,"minecraft:ladder":104,"minecraft:light_gray_carpet":1,"minecraft:oak_sign":54,"minecraft:light_blue_terracotta":5,"minecraft:spruce_planks":51,"minecraft:chest":6,"minecraft:white_terracotta":2,"minecraft:ender_chest":2,"minecraft:stone":39,"minecraft:warped_sign":34,"minecraft:stripped_birch_wood":1,"minecraft:player_head":50,"minecraft:debug_stick":298,"minecraft:netherrack":3,"minecraft:spruce_leaves":1,"minecraft:orange_stained_glass":16,"minecraft:oak_door":1,"minecraft:green_glazed_terracotta":1,"minecraft:oxidized_cut_copper":1,"minecraft:torch":1,"minecraft:soul_sand":3,"minecraft:dirt":16,"minecraft:anvil":5,"minecraft:prismarine_bricks":9,"minecraft:jungle_planks":28,"minecraft:spruce_stairs":21,"minecraft:cobblestone_wall":364,"minecraft:jungle_slab":345,"minecraft:orange_wool":185,"minecraft:warped_door":1,"minecraft:raw_iron_block":46,"minecraft:cyan_wool":82,"minecraft:jungle_trapdoor":58,"minecraft:spruce_fence":253,"minecraft:packed_ice":13,"minecraft:sea_lantern":10,"minecraft:cyan_terracotta":17,"minecraft:bamboo_fence":2,"minecraft:grass_block":42,"minecraft:red_wool":8,"minecraft:warped_hyphae":2,"minecraft:yellow_stained_glass":10,"minecraft:lantern":1,"minecraft:light_weighted_pressure_plate":1,"minecraft:slime_block":90,"minecraft:warped_fence":203,"minecraft:smooth_sandstone":9,"minecraft:birch_hanging_sign":1,"minecraft:mossy_cobblestone_slab":16,"minecraft:smooth_quartz":20,"minecraft:item_frame":5,"minecraft:smooth_basalt":1,"minecraft:spruce_hanging_sign":4,"minecraft:light_gray_wool":156,"minecraft:snow":136,"minecraft:lime_concrete":266,"minecraft:weathered_cut_copper":4,"minecraft:warped_stairs":12,"minecraft:furnace":2,"minecraft:lime_stained_glass":72,"minecraft:oxidized_copper":16,"minecraft:goat_horn":4,"minecraft:podzol":29,"minecraft:skeleton_skull":1,"minecraft:stone_pressure_plate":2,"minecraft:dark_prismarine_stairs":55,"minecraft:brown_bed":1,"minecraft:light_blue_carpet":30,"minecraft:dark_oak_stairs":7,"minecraft:water_bucket":43,"minecraft:end_rod":12,"minecraft:cobblestone_stairs":6,"minecraft:snow_block":12,"minecraft:red_stained_glass":24,"minecraft:polished_andesite":37,"minecraft:prismarine":34,"minecraft:jungle_fence":3,"minecraft:oak_planks":5,"minecraft:andesite_slab":1,"minecraft:redstone_block":21,"minecraft:structure_void":95,"minecraft:spruce_sign":9,"minecraft:white_dye":1,"minecraft:spruce_fence_gate":41,"minecraft:cobblestone_slab":37,"minecraft:gold_ore":2,"minecraft:conduit":6,"minecraft:polished_blackstone_bricks":1,"minecraft:smooth_quartz_stairs":2,"minecraft:white_wool":80,"minecraft:jungle_wood":563,"minecraft:sand":7,"minecraft:lime_terracotta":4,"minecraft:purpur_stairs":41,"minecraft:vine":64,"minecraft:oak_slab":3,"minecraft:dark_prismarine_slab":166,"minecraft:crafting_table":1,"minecraft:loom":1,"minecraft:red_bed":1,"minecraft:yellow_concrete":219,"minecraft:blue_ice":110,"minecraft:lingering_potion":1,"minecraft:painting":13,"minecraft:end_stone":1,"minecraft:spruce_log":2,"minecraft:cyan_stained_glass":3,"minecraft:lightning_rod":16,"minecraft:oak_log":2,"minecraft:dark_prismarine":726,"minecraft:light":3,"minecraft:black_concrete":125,"minecraft:firework_rocket":33,"minecraft:warped_trapdoor":147,"minecraft:gray_stained_glass_pane":111,"minecraft:command_block":15,"minecraft:cyan_carpet":3,"minecraft:barrier":319,"minecraft:oak_button":2,"minecraft:string":2,"minecraft:pig_spawn_egg":1,"minecraft:verdant_froglight":23,"minecraft:stone_button":10,"minecraft:jungle_stairs":178,"minecraft:stone_slab":8,"minecraft:red_terracotta":2,"minecraft:purpur_slab":110,"minecraft:spruce_trapdoor":44,"minecraft:iron_door":3,"minecraft:prismarine_wall":590,"minecraft:gravel":9,"minecraft:polished_andesite_slab":423,"minecraft:soul_lantern":3,"minecraft:stripped_warped_hyphae":3,"minecraft:green_carpet":6,"minecraft:cobblestone":31,"minecraft:warped_fence_gate":40,"minecraft:chain":44,"minecraft:chain_command_block":10,"minecraft:bucket":16,"minecraft:piglin_spawn_egg":2,"minecraft:mossy_cobblestone_wall":64,"minecraft:smooth_stone_slab":300,"minecraft:repeating_command_block":14,"minecraft:end_portal_frame":4,"minecraft:brush":3,"minecraft:coarse_dirt":2,"minecraft:oak_hanging_sign":4,"minecraft:gray_wool":3,"minecraft:experience_bottle":1,"minecraft:cobweb":16,"minecraft:gray_stained_glass":7},"minecraft:picked_up":{"minecraft:ladder":4,"minecraft:chain":1,"minecraft:cactus":2,"minecraft:twisting_vines":1,"minecraft:bamboo":1,"minecraft:slime_block":1,"minecraft:spruce_sign":3}},"DataVersion":3839}