{
  "undead_revamp2:theundeadchallenges": {
    "criteria": {
      "theundeadchallenges": "2024-09-20 15:55:49 +0000"
    },
    "done": true
  },
  "minecraft:recipes/decorations/crafting_table": {
    "criteria": {
      "unlock_right_away": "2024-09-20 15:55:49 +0000"
    },
    "done": true
  },
  "betterdungeons:root": {
    "criteria": {
      "always": "2024-09-20 15:55:49 +0000"
    },
    "done": true
  },
  "minecraft:adventure/adventuring_time": {
    "criteria": {
      "minecraft:sparse_jungle": "2024-09-20 15:59:35 +0000",
      "minecraft:river": "2024-09-20 16:00:34 +0000",
      "minecraft:stony_shore": "2024-09-20 15:58:10 +0000",
      "minecraft:dripstone_caves": "2024-09-20 16:02:39 +0000",
      "minecraft:forest": "2024-09-20 16:00:28 +0000",
      "minecraft:savanna": "2024-09-20 16:00:33 +0000",
      "minecraft:plains": "2024-09-20 15:55:52 +0000"
    },
    "done": false
  },
  "tombstone:adventure/root": {
    "criteria": {
      "auto": "2024-09-20 15:55:52 +0000"
    },
    "done": true
  },
  "minecraft:recipes/transportation/cherry_boat": {
    "criteria": {
      "in_water": "2024-09-20 15:58:47 +0000"
    },
    "done": true
  },
  "minecraft:recipes/transportation/bamboo_raft": {
    "criteria": {
      "in_water": "2024-09-20 15:58:47 +0000"
    },
    "done": true
  },
  "minecraft:recipes/transportation/spruce_boat": {
    "criteria": {
      "in_water": "2024-09-20 15:58:47 +0000"
    },
    "done": true
  },
  "minecraft:recipes/transportation/birch_boat": {
    "criteria": {
      "in_water": "2024-09-20 15:58:47 +0000"
    },
    "done": true
  },
  "minecraft:recipes/transportation/oak_boat": {
    "criteria": {
      "in_water": "2024-09-20 15:58:47 +0000"
    },
    "done": true
  },
  "minecraft:recipes/transportation/mangrove_boat": {
    "criteria": {
      "in_water": "2024-09-20 15:58:47 +0000"
    },
    "done": true
  },
  "minecraft:recipes/transportation/acacia_boat": {
    "criteria": {
      "in_water": "2024-09-20 15:58:47 +0000"
    },
    "done": true
  },
  "minecraft:recipes/transportation/jungle_boat": {
    "criteria": {
      "in_water": "2024-09-20 15:58:47 +0000"
    },
    "done": true
  },
  "minecraft:recipes/transportation/dark_oak_boat": {
    "criteria": {
      "in_water": "2024-09-20 15:58:47 +0000"
    },
    "done": true
  },
  "knightquest:recipes/misc/chainmail_helmet2": {
    "criteria": {
      "has_wheat_seeds": "2024-09-20 16:02:22 +0000"
    },
    "done": true
  },
  "minecraft:recipes/building_blocks/stone_bricks": {
    "criteria": {
      "has_stone": "2024-09-20 16:02:46 +0000"
    },
    "done": true
  },
  "minecraft:recipes/building_blocks/stone_bricks_from_stone_stonecutting": {
    "criteria": {
      "has_stone": "2024-09-20 16:02:46 +0000"
    },
    "done": true
  },
  "minecraft:recipes/building_blocks/stone_slab": {
    "criteria": {
      "has_stone": "2024-09-20 16:02:46 +0000"
    },
    "done": true
  },
  "minecraft:recipes/building_blocks/stone_stairs_from_stone_stonecutting": {
    "criteria": {
      "has_stone": "2024-09-20 16:02:46 +0000"
    },
    "done": true
  },
  "minecraft:recipes/redstone/stone_button": {
    "criteria": {
      "has_stone": "2024-09-20 16:02:46 +0000"
    },
    "done": true
  },
  "minecraft:recipes/decorations/stonecutter": {
    "criteria": {
      "has_stone": "2024-09-20 16:02:46 +0000"
    },
    "done": true
  },
  "minecraft:recipes/redstone/stone_pressure_plate": {
    "criteria": {
      "has_stone": "2024-09-20 16:02:46 +0000"
    },
    "done": true
  },
  "minecraft:recipes/building_blocks/smooth_stone": {
    "criteria": {
      "has_stone": "2024-09-20 16:02:46 +0000"
    },
    "done": true
  },
  "minecraft:recipes/decorations/stone_brick_walls_from_stone_stonecutting": {
    "criteria": {
      "has_stone": "2024-09-20 16:02:46 +0000"
    },
    "done": true
  },
  "knightquest:recipes/misc/silverfish_chestplate": {
    "criteria": {
      "has_stone": "2024-09-20 16:02:46 +0000"
    },
    "done": true
  },
  "minecraft:recipes/building_blocks/stone_brick_slab_from_stone_stonecutting": {
    "criteria": {
      "has_stone": "2024-09-20 16:02:46 +0000"
    },
    "done": true
  },
  "knightquest:recipes/misc/silverfish_boots": {
    "criteria": {
      "has_stone": "2024-09-20 16:02:46 +0000"
    },
    "done": true
  },
  "minecraft:recipes/building_blocks/stone_brick_stairs_from_stone_stonecutting": {
    "criteria": {
      "has_stone": "2024-09-20 16:02:46 +0000"
    },
    "done": true
  },
  "minecraft:recipes/building_blocks/stone_slab_from_stone_stonecutting": {
    "criteria": {
      "has_stone": "2024-09-20 16:02:46 +0000"
    },
    "done": true
  },
  "knightquest:recipes/misc/silverfish_leggings": {
    "criteria": {
      "has_stone": "2024-09-20 16:02:46 +0000"
    },
    "done": true
  },
  "minecraft:recipes/building_blocks/chiseled_stone_bricks_stone_from_stonecutting": {
    "criteria": {
      "has_stone": "2024-09-20 16:02:46 +0000"
    },
    "done": true
  },
  "knightquest:recipes/misc/silverfish_helmet": {
    "criteria": {
      "has_stone": "2024-09-20 16:02:46 +0000"
    },
    "done": true
  },
  "minecraft:recipes/building_blocks/stone_stairs": {
    "criteria": {
      "has_stone": "2024-09-20 16:02:46 +0000"
    },
    "done": true
  },
  "minecraft:story/follow_ender_eye": {
    "criteria": {
      "in_stronghold_betterstrongholds": "2024-09-20 16:02:52 +0000"
    },
    "done": true
  },
  "endrem:main/cryptic_eye": {
    "criteria": {
      "cryptic_eye": "2024-09-20 16:03:29 +0000"
    },
    "done": true
  },
  "endrem:main/root": {
    "criteria": {
      "cryptic_eye": "2024-09-20 16:03:29 +0000"
    },
    "done": true
  },
  "endrem:main/exotic_eye": {
    "criteria": {
      "exotic_eye": "2024-09-20 16:03:30 +0000"
    },
    "done": true
  },
  "endrem:main/undead_eye": {
    "criteria": {
      "undead_eye": "2024-09-20 16:03:31 +0000"
    },
    "done": true
  },
  "endrem:main/wither_eye": {
    "criteria": {
      "wither_eye": "2024-09-20 16:03:33 +0000"
    },
    "done": true
  },
  "endrem:main/witch_eye": {
    "criteria": {
      "witch_eye": "2024-09-20 16:03:33 +0000"
    },
    "done": true
  },
  "endrem:main/magical_eye": {
    "criteria": {
      "magical_eye": "2024-09-20 16:03:36 +0000"
    },
    "done": true
  },
  "endrem:main/guardian_eye": {
    "criteria": {
      "guardian_eye": "2024-09-20 16:03:37 +0000"
    },
    "done": true
  },
  "endrem:main/black_eye": {
    "criteria": {
      "black_eye": "2024-09-20 16:03:38 +0000"
    },
    "done": true
  },
  "endrem:main/old_eye": {
    "criteria": {
      "old_eye": "2024-09-20 16:03:39 +0000"
    },
    "done": true
  },
  "minecraft:recipes/decorations/chest": {
    "criteria": {
      "has_lots_of_items": "2024-09-20 16:03:51 +0000"
    },
    "done": true
  },
  "endrem:main/nether_eye": {
    "criteria": {
      "nether_eye": "2024-09-20 16:03:51 +0000"
    },
    "done": true
  },
  "endrem:main/corrupted_eye": {
    "criteria": {
      "corrupted_eye": "2024-09-20 16:03:57 +0000"
    },
    "done": true
  },
  "minecraft:end/root": {
    "criteria": {
      "entered_end": "2024-09-20 16:05:41 +0000"
    },
    "done": true
  },
  "minecraft:story/enter_the_end": {
    "criteria": {
      "entered_end": "2024-09-20 16:05:41 +0000"
    },
    "done": true
  },
  "tombstone:adventure/first_grave": {
    "criteria": {
      "coded_trigger": "2024-09-20 16:15:24 +0000"
    },
    "done": true
  },
  "minecraft:adventure/root": {
    "criteria": {
      "killed_by_something": "2024-09-20 16:15:24 +0000"
    },
    "done": true
  },
  "tombstone:recipes/from_grave_key": {
    "criteria": {
      "has_ingredient": "2024-09-20 16:15:45 +0000"
    },
    "done": true
  },
  "knightquest:recipes/misc/enderman_helmet": {
    "criteria": {
      "has_ender_pearl": "2024-09-20 16:16:51 +0000"
    },
    "done": true
  },
  "knightquest:recipes/misc/enderman_leggings": {
    "criteria": {
      "has_ender_pearl": "2024-09-20 16:16:51 +0000"
    },
    "done": true
  },
  "knightquest:recipes/misc/enderman_boots": {
    "criteria": {
      "has_ender_pearl": "2024-09-20 16:16:51 +0000"
    },
    "done": true
  },
  "knightquest:recipes/misc/enderman_chestplate": {
    "criteria": {
      "has_ender_pearl": "2024-09-20 16:16:51 +0000"
    },
    "done": true
  },
  "paraglider:root": {
    "criteria": {
      "crafting_table": "2024-09-20 16:17:01 +0000"
    },
    "done": true
  },
  "minecraft:story/root": {
    "criteria": {
      "crafting_table": "2024-09-20 16:17:01 +0000"
    },
    "done": true
  },
  "tombstone:adventure/enchant_grave_key": {
    "criteria": {
      "has_upgraded_grave_key": "2024-09-20 16:17:16 +0000"
    },
    "done": true
  },
  "tombstone:adventure/first_knowledge": {
    "criteria": {
      "coded_trigger": "2024-09-20 16:17:27 +0000"
    },
    "done": true
  },
  "tombstone:adventure/teleport_to_grave": {
    "criteria": {
      "coded_trigger": "2024-09-20 16:17:27 +0000"
    },
    "done": true
  },
  "minecraft:recipes/building_blocks/end_stone_brick_slab_from_end_stone_stonecutting": {
    "criteria": {
      "has_end_stone": "2024-09-20 16:20:37 +0000"
    },
    "done": true
  },
  "minecraft:recipes/building_blocks/end_stone_bricks": {
    "criteria": {
      "has_end_stone": "2024-09-20 16:20:37 +0000"
    },
    "done": true
  },
  "minecraft:recipes/decorations/end_stone_brick_wall_from_end_stone_stonecutting": {
    "criteria": {
      "has_end_stone": "2024-09-20 16:20:37 +0000"
    },
    "done": true
  },
  "tombstone:adventure/easy_opening": {
    "criteria": {
      "coded_trigger": "2024-09-20 16:20:04 +0000"
    },
    "done": true
  },
  "minecraft:recipes/building_blocks/end_stone_bricks_from_end_stone_stonecutting": {
    "criteria": {
      "has_end_stone": "2024-09-20 16:20:37 +0000"
    },
    "done": true
  },
  "minecraft:recipes/building_blocks/end_stone_brick_stairs_from_end_stone_stonecutting": {
    "criteria": {
      "has_end_stone": "2024-09-20 16:20:37 +0000"
    },
    "done": true
  },
  "DataVersion": 3465
}